,station_name,total_departures,latitude,longitude
1587,W 21 St & 6 Ave,128823,40.7417,-73.9942
1718,West St & Chambers St,123045,40.7175,-74.0132
495,Broadway & W 58 St,114040,40.767,-73.9817
286,6 Ave & W 33 St,106236,40.749,-73.9885
8,1 Ave & E 68 St,104685,40.765,-73.9582
461,Broadway & E 14 St,98656,40.7345,-73.9907
485,Broadway & W 25 St,98237,40.7429,-73.9892
1511,University Pl & E 14 St,96941,40.7348,-73.9921
463,Broadway & E 21 St,95533,40.7399,-73.9896
1603,W 31 St & 7 Ave,94035,40.7492,-73.9916
788,E 33 St & 1 Ave,90839,40.7432,-73.9745
590,Cleveland Pl & Spring St,90778,40.7221,-73.9972
29,12 Ave & W 40 St,90237,40.7609,-74.0028
287,6 Ave & W 34 St,89454,40.7496,-73.988
1719,West St & Liberty St,87480,40.7114,-74.0148
24,11 Ave & W 41 St,87437,40.7603,-73.9988
1105,Lafayette St & E 8 St,87325,40.7302,-73.991
562,Central Park S & 6 Ave,86777,40.7659,-73.9763
796,E 40 St & Park Ave,85451,40.7508,-73.9783
328,8 Ave & W 33 St,84864,40.7516,-73.9939
337,9 Ave & W 22 St,83466,40.7455,-74.002
1592,W 22 St & 10 Ave,82904,40.7469,-74.0045
965,Grand Army Plaza & Central Park S,80785,40.7644,-73.9737
329,8 Ave & W 38 St,79354,40.7546,-73.9918
327,8 Ave & W 31 St,77310,40.7506,-73.9947
324,8 Ave & W 16 St,76623,40.741,-74.0017
1624,W 41 St & 8 Ave,75405,40.7564,-73.99
316,7 Ave & Central Park South,75212,40.7667,-73.9791
486,Broadway & W 29 St,75100,40.7462,-73.9886
13,10 Ave & W 14 St,73894,40.742,-74.0083
1601,W 30 St & 10 Ave,73001,40.7527,-74.0024
740,E 16 St & 5 Ave,72642,40.7373,-73.9924
597,Clinton St & Grand St,72066,40.7156,-73.987
1628,W 43 St & 10 Ave,71826,40.7601,-73.9946
1559,W 15 St & 6 Ave,71090,40.738,-73.9964
2,1 Ave & E 18 St,70731,40.7338,-73.9805
1263,Norfolk St & Broome St,70516,40.7172,-73.988
1582,W 20 St & 10 Ave,70427,40.7457,-74.0051
339,9 Ave & W 45 St,70264,40.7602,-73.9913
9,1 Ave & E 78 St,69891,40.7714,-73.9535
612,Columbus Ave & W 72 St,69576,40.7771,-73.979
490,Broadway & W 41 St,69243,40.7551,-73.9866
242,5 Ave & E 72 St,69103,40.7728,-73.9669
1620,W 4 St & 7 Ave S,69008,40.734,-74.0029
1645,W 54 St & 11 Ave,68430,40.7683,-73.9926
7,1 Ave & E 62 St,68106,40.7612,-73.9609
47,2 Ave & E 29 St,67801,40.7417,-73.9781
1574,W 18 St & 6 Ave,67638,40.7397,-73.9946
986,Grand St & Elizabeth St,67458,40.7188,-73.996
1625,W 42 St & 6 Ave,67454,40.7549,-73.9846
1,1 Ave & E 16 St,67236,40.7322,-73.9817
567,Central Park West & W 72 St,67080,40.7758,-73.9762
396,Ave A & E 14 St,66900,40.7303,-73.9805
18,10 Ave & W 28 St,66879,40.7507,-74.0018
680,E 1 St & 1 Ave,66874,40.7234,-73.9886
579,Christopher St & Greenwich St,66651,40.7329,-74.0071
1598,W 26 St & 8 Ave,66647,40.7473,-73.9972
378,Amsterdam Ave & W 73 St,66507,40.7797,-73.9809
1759,Wythe Ave & Metropolitan Ave,66340,40.7169,-73.9632
709,E 13 St & 2 Ave,66080,40.7315,-73.9853
1106,Lafayette St & Jersey St,65499,40.7246,-73.9957
1599,W 27 St & 7 Ave,65330,40.7466,-73.9939
1699,Washington St & Gansevoort St,65303,40.7393,-74.0081
1714,West End Ave & W 60 St,65299,40.7724,-73.99
1596,W 25 St & 6 Ave,64903,40.744,-73.9914
528,Canal St & Rutgers St,64513,40.7143,-73.9899
1629,W 44 St & 11 Ave,64416,40.762,-73.997
1306,Pier 40 - Hudson River Park,64120,40.7277,-74.0113
566,Central Park West & W 68 St,63880,40.7734,-73.9778
683,E 10 St & Avenue A,63649,40.7274,-73.9814
1530,Vesey Pl & River Terrace,63223,40.7153,-74.0166
1548,W 13 St & 5 Ave,62429,40.7354,-73.9943
1583,W 20 St & 7 Ave,62311,40.7424,-73.9973
1593,W 22 St & 8 Ave,61812,40.7448,-73.9992
288,6 Ave & W 45 St,60677,40.757,-73.9826
1477,Suffolk St & Stanton St,60406,40.7207,-73.9852
1132,Lexington Ave & E 24 St,60395,40.7403,-73.9841
50,2 Ave & E 72 St,59806,40.7688,-73.9584
1531,Vesey St & Church St,59659,40.7122,-74.0105
6,1 Ave & E 6 St,59624,40.7263,-73.9862
570,Centre St & Chambers St,59387,40.7127,-74.0046
769,E 2 St & Avenue B,59363,40.7222,-73.9837
1083,Kent Ave & N 7 St,59286,40.7204,-73.9617
437,Bleecker St & Crosby St,59148,40.7262,-73.9951
1265,North Moore St & Greenwich St,59087,40.7202,-74.0103
857,E 85 St & 3 Ave,59075,40.778,-73.9541
48,2 Ave & E 31 St,59026,40.7429,-73.9771
991,Great Jones St,58965,40.7274,-73.9938
333,9 Ave & W 18 St,58719,40.7432,-74.0037
180,4 Ave & E 12 St,58664,40.7326,-73.9901
779,E 25 St & 2 Ave,58627,40.7391,-73.9797
23,11 Ave & W 27 St,57960,40.7514,-74.0052
789,E 33 St & 5 Ave,57838,40.7477,-73.9849
1563,W 16 St & The High Line,57766,40.7433,-74.0068
1379,S 4 St & Wythe Ave,57696,40.7129,-73.9659
1560,W 15 St & 7 Ave,57500,40.7394,-73.9993
791,E 39 St & 2 Ave,57483,40.748,-73.9738
1437,St Marks Pl & 2 Ave,57339,40.7284,-73.9871
1000,Greenwich Ave & 8 Ave,56800,40.739,-74.0026
361,Allen St & Stanton St,56766,40.7221,-73.9891
756,E 17 St & Broadway,56622,40.737,-73.9901
360,Allen St & Rivington St,56569,40.7202,-73.99
379,Amsterdam Ave & W 79 St,56568,40.7829,-73.9787
331,8 Ave & W 52 St,56517,40.7637,-73.9852
1247,N 6 St & Bedford Ave,56250,40.7175,-73.9585
244,5 Ave & E 87 St,56045,40.7823,-73.9599
842,E 72 St & York Ave,55791,40.7666,-73.9535
1200,Metropolitan Ave & Bedford Ave,55633,40.7153,-73.9602
1655,W 70 St & Amsterdam Ave,55597,40.7775,-73.9829
786,E 31 St & 3 Ave,54988,40.7439,-73.9797
1584,W 20 St & 8 Ave,54858,40.7435,-74.0
1652,W 63 St & Broadway,54854,40.7716,-73.9826
489,Broadway & W 38 St,54779,40.753,-73.9873
771,E 20 St & 2 Ave,54764,40.7359,-73.9821
496,Broadway & W 61 St,54732,40.77,-73.982
801,E 44 St & Lexington Ave,54667,40.7526,-73.975
1630,W 44 St & 5 Ave,54624,40.755,-73.9801
533,Carmine St & 6 Ave,54515,40.7304,-74.0021
774,E 20 St & Park Ave,54238,40.7383,-73.9875
623,Cooper Square & Astor Pl,53879,40.7295,-73.9908
840,E 7 St & Avenue A,53749,40.7262,-73.9838
781,E 27 St & 1 Ave,53619,40.7394,-73.9768
1231,Mott St & Prince St,53574,40.7232,-73.9948
330,8 Ave & W 49 St,53507,40.7617,-73.9866
777,E 23 St & 1 Ave,53391,40.7365,-73.9781
494,Broadway & W 56 St,53033,40.7653,-73.9819
911,Forsyth St\t& Grand St,52973,40.7178,-73.9932
1697,Washington Square E,52771,40.7305,-73.9957
561,Central Park North & Adam Clayton Powell Blvd,52691,40.7995,-73.9556
569,Central Park West & W 85 St,52636,40.7848,-73.9699
692,E 11 St & 1 Ave,52581,40.7295,-73.9843
1651,W 59 St & 10 Ave,52391,40.7705,-73.988
4,1 Ave & E 39 St,52287,40.7471,-73.9711
1380,S 5 Pl & S 5 St,52227,40.7105,-73.9609
1626,W 42 St & 8 Ave,52120,40.7576,-73.991
1637,W 49 St & 8 Ave,51979,40.7623,-73.9879
896,FDR Drive & E 35 St,51933,40.7442,-73.9712
1607,W 34 St & 11 Ave,51930,40.7559,-74.0021
1028,Henry St & Grand St,51703,40.7142,-73.9811
770,E 2 St & Avenue C,51521,40.7209,-73.9809
1600,W 29 St & 9 Ave,51437,40.7501,-73.9984
1357,Riverside Blvd & W 67 St,51437,40.7775,-73.9889
741,E 16 St & Irving Pl,51262,40.7354,-73.988
492,Broadway & W 51 St,51004,40.7623,-73.9834
1512,University Pl & E 8 St,50863,40.7314,-73.9949
1633,W 47 St & 10 Ave,50843,40.7627,-73.993
1480,Sullivan St & Washington Sq,50760,40.7305,-73.9991
768,E 2 St & Avenue A,50650,40.7231,-73.9858
1043,Hudson St & W 13 St,50468,40.7401,-74.0053
1654,W 67 St & Broadway,50275,40.7749,-73.9827
1615,W 37 St & 10 Ave,50238,40.7566,-73.9979
1153,MacDougal St & Prince St,49890,40.7271,-74.003
1695,Washington Pl & 6 Ave,49691,40.7322,-74.0003
1595,W 24 St & 7 Ave,49655,40.7449,-73.9953
564,Central Park W & W 91 St,49533,40.7887,-73.9668
1644,W 53 St & 10 Ave,49388,40.7667,-73.9906
793,E 4 St & 2 Ave,49281,40.7263,-73.9898
1597,W 26 St & 10 Ave,49261,40.7497,-74.003
805,E 47 St & Park Ave,49092,40.7551,-73.975
1018,Hanson Pl & Ashland Pl,48990,40.6851,-73.9779
462,Broadway & E 19 St,48949,40.7387,-73.9899
1005,Greenwich St & W Houston St,48840,40.7288,-74.0086
785,E 30 St & Park Ave S,48821,40.7444,-73.983
493,Broadway & W 53 St,48546,40.7634,-73.9827
722,E 14 St & Avenue B,48440,40.7294,-73.9777
499,Broadway\t& W 48 St,48390,40.7602,-73.9849
1646,W 54 St & 9 Ave,48371,40.7658,-73.9869
1098,LaGuardia Pl & W 3 St,48343,40.7292,-73.9981
732,E 15 St & 3 Ave,48295,40.7342,-73.9869
318,7 Ave S & Bleecker St,48238,40.7321,-74.0036
1489,Thompson St & Bleecker St,48172,40.7284,-73.9997
359,Allen St & Hester St,48033,40.7161,-73.9919
1638,W 50 St & 10 Ave,47922,40.7647,-73.9919
1631,W 45 St & 8 Ave,47749,40.7593,-73.9886
721,E 14 St & 1 Ave,47616,40.7314,-73.9829
772,E 20 St & FDR Dr,47370,40.7332,-73.9757
1145,Little West St & 1 Pl,47118,40.7057,-74.0168
284,6 Ave & Broome St,47114,40.7243,-74.0047
1640,W 51 St & 6 Ave,47065,40.7607,-73.9804
1549,W 13 St & 7 Ave,47055,40.7378,-73.9999
25,11 Ave & W 59 St,46936,40.7715,-73.9905
243,5 Ave & E 78 St,46870,40.7763,-73.9643
1696,Washington Pl & Broadway,45937,40.729,-73.994
1570,W 17 St & 8 Ave,45759,40.7418,-74.0015
682,E 10 St & 2 Ave,45447,40.7297,-73.9866
3,1 Ave & E 30 St,45341,40.7414,-73.9754
1426,Spring St & Hudson St,45322,40.7258,-74.0077
693,E 11 St & 3 Ave,45304,40.7313,-73.9885
1539,W 11 St & 6 Ave,45274,40.7353,-73.998
816,E 53 St & Lexington Ave,45094,40.7583,-73.9707
1712,West Drive & Prospect Park West,44823,40.6611,-73.9795
460,Broadway & Berry St,44796,40.7104,-73.9653
776,E 22 St & 2 Ave,44365,40.7372,-73.9812
710,E 13 St & Avenue A,44146,40.7297,-73.9807
1653,W 64 St & Thelonious Monk Circle,44110,40.7752,-73.9892
792,E 39 St & Lexington Ave,44005,40.7495,-73.9773
782,E 27 St & Park Ave S,43887,40.7428,-73.9847
1377,S 3 St & Bedford Ave,43474,40.7126,-73.9626
1647,W 55 St & 6 Ave,43324,40.7632,-73.9784
1454,Stanton St & Chrystie St,43307,40.7223,-73.9915
828,E 6 St & Avenue B,43273,40.7245,-73.9819
1720,West Thames St,43178,40.7083,-74.0171
412,Barrow St & Hudson St,43169,40.7317,-74.0067
1369,Rivington St & Ridge St,42836,40.7185,-73.9833
1456,Stanton St & Norfolk St,42784,40.7207,-73.9863
1347,Queens Plaza North & Crescent St,42576,40.7511,-73.9407
787,E 32 St & Park Ave,42329,40.7457,-73.9819
240,5 Ave & E 29 St,42258,40.7452,-73.9868
1436,St Marks Pl & 1 Ave,42224,40.7278,-73.9856
435,Berry St & N 8 St,42147,40.719,-73.9585
1165,Madison Ave & E 26 St,41712,40.7427,-73.9867
797,E 41 St & Madison Ave (SE corner),41615,40.752,-73.9796
940,Fulton St & Broadway,41433,40.7111,-74.0094
1364,Riverside Dr & W 72 St,41423,40.7806,-73.9856
395,Ave A & E 11 St,41367,40.7285,-73.9818
1627,W 42 St & Dyer Ave,41254,40.759,-73.9938
909,Forsyth St & Canal St,41233,40.7158,-73.9942
694,E 11 St & Avenue B,41202,40.7275,-73.9795
1204,Milton St & Franklin St,40842,40.7291,-73.9578
1545,W 12 St & Hudson St,40770,40.7375,-74.0056
1134,Lexington Ave & E 29 St,40757,40.7431,-73.9822
804,E 47 St & 2 Ave,40665,40.7532,-73.9703
824,E 58 St & 3 Ave,40606,40.761,-73.9672
939,Fulton St & Adams St,40563,40.6924,-73.9895
864,E 9 St & 5 Ave,40529,40.7328,-73.9958
1235,Murray St & Greenwich St,40441,40.7149,-74.0112
1660,W 84 St & Columbus Ave,40389,40.785,-73.9728
1304,Perry St & Greenwich Ave,40370,40.7359,-74.0009
866,E 91 St & 2 Ave,39754,40.7812,-73.9496
1614,W 36 St & 9 Ave,39731,40.7546,-73.9952
808,E 5 St & Ave A,39479,40.7248,-73.9843
829,E 6 St & Avenue D,39383,40.7223,-73.9767
1135,Lexington Ave & E 36 St,39335,40.7476,-73.9788
100,3 Ave & E 62 St,39263,40.7631,-73.9653
565,Central Park W & W 97 St,39223,40.7925,-73.9642
922,Frederick Douglass Blvd & W 117 St,39134,40.8052,-73.9547
1198,Mercer St & Spring St,39061,40.7236,-73.9995
1609,W 34 St &\tHudson Blvd E,39014,40.7552,-74.0006
1303,Perry St & Bleecker St,38894,40.7354,-74.0048
855,E 84 St & 1 Ave,38881,40.7757,-73.9507
1533,W 100 St & Broadway,38595,40.7974,-73.9704
1649,W 56 St & 6 Ave,38546,40.7634,-73.9772
613,Columbus Ave & W 95 St,38461,40.792,-73.9681
920,Frederick Douglass Blvd & W 112 St,38386,40.8017,-73.9571
766,E 19 St & 3 Ave,38011,40.7362,-73.9847
568,Central Park West & W 76 St,37894,40.779,-73.9737
672,Driggs Ave & N 9 St,37757,40.7182,-73.9552
1155,MacDougal St & Washington Sq,37683,40.7323,-73.9985
1639,W 50 St & 9 Ave,37619,40.7636,-73.9892
245,5 Ave & E 93 St,37524,40.7858,-73.9575
778,E 25 St & 1 Ave,37496,40.7382,-73.9774
1616,W 37 St & 5 Ave,37398,40.7504,-73.9834
1415,South St & Gouverneur Ln,37211,40.7036,-74.0067
865,E 9 St & Avenue C,37107,40.7252,-73.9777
1197,Mercer St & Bleecker St,37091,40.7271,-73.9966
1368,Rivington St & Chrystie St,36995,40.7211,-73.9919
1163,Madison Av & E 51 St,36987,40.7586,-73.9751
780,E 26 St & 3 Ave,36834,40.7407,-73.9816
572,Centre St & Worth St,36749,40.7149,-74.0023
432,Bergen St & Vanderbilt Ave,36609,40.6794,-73.968
819,E 55 St & 2 Ave,36495,40.758,-73.966
838,E 7 St & Ave B,36451,40.7251,-73.9813
817,E 53 St & Madison Ave,36303,40.7597,-73.974
1276,Orchard St & Grand St,36260,40.7173,-73.9907
1081,Kenmare St & Elizabeth St,36165,40.7205,-73.9949
1144,Lispenard St & Broadway,36023,40.7194,-74.0025
813,E 51 St & 2 Ave,36011,40.7553,-73.9676
1666,W 95 St & Broadway,35961,40.7938,-73.9719
415,Bayard St & Baxter St,35882,40.716,-73.9997
1537,W 106 St & Central Park West,35868,40.7982,-73.9606
1613,W 36 St & 7 Ave,35466,40.7521,-73.9895
798,E 41 St & Madison Ave (SW corner),35448,40.7522,-73.9799
421,Bedford Ave & Nassau Ave,35382,40.7231,-73.9521
826,E 59 St & Madison Ave,35349,40.7635,-73.9711
1038,Howard St & Lafayette St,35333,40.7191,-73.9997
1611,W 35 St & 9 Ave,35263,40.7541,-73.9961
795,E 40 St & 5 Ave,35239,40.7521,-73.9816
843,E 74 St & 1 Ave,35031,40.769,-73.9548
1417,South St & Whitehall St,34977,40.7012,-74.0123
807,E 48 St & 5 Ave,34941,40.7572,-73.9781
380,Amsterdam Ave & W 82 St,34940,40.7852,-73.9767
317,7 Ave & Park Pl,34904,40.6776,-73.9732
1042,Hudson St & Reade St,34895,40.7163,-74.0091
1286,Park Ave & E 124 St,34824,40.8046,-73.9397
860,E 88 St & 1 Ave,34808,40.7783,-73.9488
1602,W 30 St & 8 Ave,34791,40.7497,-73.9952
1315,Plaza St East & Flatbush Ave,34651,40.6731,-73.9691
326,8 Ave & W 27 St,34602,40.748,-73.9966
1558,W 15 St & 10 Ave,34587,40.7428,-74.0075
1650,W 56 St & 8 Ave,34520,40.766,-73.9831
704,E 12 St & 3 Ave,34423,40.7322,-73.9889
391,Atlantic Ave & Furman St,34391,40.6917,-74.0
767,E 2 St & 2 Ave,34380,40.725,-73.9907
1245,N 12 St & Bedford Ave,34368,40.7208,-73.9548
800,E 44 St & 2 Ave,34318,40.7512,-73.9714
1101,Lafayette Ave & Ft Greene Pl,34252,40.687,-73.9766
666,Division St & Bowery,34100,40.7142,-73.9967
1657,W 76 St & Columbus Ave,34071,40.7802,-73.9773
51,2 Ave & E 96 St,34060,40.784,-73.9472
1643,W 52 St & 6 Ave,34028,40.7613,-73.9798
917,Franklin St & Dupont St,33890,40.7356,-73.9587
1086,King St & Varick St,33751,40.7279,-74.0054
988,Grand St & Havemeyer St,33659,40.7129,-73.957
806,E 48 St & 3 Ave,33623,40.7546,-73.9719
1663,W 89 St & Columbus Ave,33608,40.7882,-73.9704
409,Bank St & Washington St,33564,40.7362,-74.0086
593,Clinton Ave & Myrtle Ave,33397,40.6933,-73.9689
487,Broadway & W 36 St,33388,40.751,-73.9877
1003,Greenwich St & Perry St,33239,40.735,-74.007
1133,Lexington Ave & E 26 St,32886,40.7415,-73.9833
1166,Madison Ave & E 82 St,32756,40.7781,-73.9607
1534,W 100 St & Manhattan Ave,32731,40.795,-73.9645
238,5 Ave & E 103 St,32691,40.7923,-73.9525
1120,Leonard St & Church St,32665,40.7176,-74.0055
818,E 54 St & 1 Ave,32638,40.7563,-73.9642
1658,W 82 St & Central Park West,32468,40.7828,-73.9714
948,Gansevoort St & Hudson St,32468,40.7394,-74.0051
1001,Greenwich Ave & Charles St,32416,40.7352,-74.0003
1110,Lenox Ave & W 111 St,32341,40.7988,-73.9523
960,Graham Ave & Conselyea St,32290,40.7151,-73.9445
823,E 58 St & 1 Ave (NW Corner),32195,40.7591,-73.9627
434,Berkeley Pl & 7 Ave,32025,40.6751,-73.9752
783,E 3 St & 1 Ave,31932,40.7247,-73.9878
584,Clark St & Henry St,31846,40.6976,-73.9934
1037,Hope St & Union Ave,31843,40.7117,-73.9514
241,5 Ave & E 63 St,31681,40.7664,-73.9715
820,E 56 St & 3 Ave,31617,40.7593,-73.9676
809,E 5 St & Avenue C,31529,40.723,-73.98
1527,Vernon Blvd & 50 Ave,31452,40.7423,-73.9541
1632,W 46 St & 11 Ave,31424,40.7634,-73.9967
839,E 7 St & Ave C,31410,40.7241,-73.979
408,Bank St & Hudson St,31400,40.7365,-74.0062
430,Bergen St & Smith St,31318,40.6867,-73.9906
459,Broadway & Battery Pl,31305,40.7046,-74.0136
812,E 51 St & 1 Ave,31211,40.7546,-73.9659
1648,W 56 St & 10 Ave,31103,40.7683,-73.9886
355,Albany St & Greenwich St,31063,40.7093,-74.0132
625,Court St & State St,30969,40.6902,-73.992
1428,Spruce St & Nassau St,30934,40.7115,-74.0055
5,1 Ave & E 44 St,30726,40.75,-73.9691
1641,W 51 St & Rockefeller Plaza,30725,40.7597,-73.9781
1604,W 33 St & 10 Ave,30708,40.7538,-73.9994
1108,Lawrence St & Willoughby St,30641,40.6924,-73.9863
1308,Pike St & E Broadway,30634,40.7141,-73.9929
908,Forsyth St & Broome St,30525,40.7189,-73.9927
401,Avenue D & E 3 St,30497,40.7208,-73.9779
377,Amsterdam Ave & W 66 St,30434,40.7747,-73.9847
1440,St Nicholas Ave & Manhattan Ave,30401,40.8097,-73.9531
1634,W 47 St & 6 Ave,30381,40.7584,-73.9826
987,Grand St & Greene St,30377,40.7217,-74.0024
1701,Water St &  Fletcher St,30262,40.7064,-74.0056
1430,St James Pl & Oliver St,30235,40.7131,-73.9985
541,Cathedral Pkwy & Broadway,30201,40.8042,-73.967
947,Fulton St & William St,30195,40.7096,-74.0066
1659,W 84 St & Broadway,30137,40.7868,-73.9771
989,Grand St & Samuel Dickstein Plaza,29927,40.7151,-73.9842
902,Flatbush Ave & Ocean Ave,29876,40.6637,-73.963
1661,W 87 St & Amsterdam Ave,29862,40.7884,-73.9747
1729,William St & Pine St,29768,40.7072,-74.0089
863,E 89 St & York Ave,29696,40.7779,-73.946
821,E 56 St & Madison Ave,29686,40.7616,-73.9726
109,3 St & Prospect Park West,29534,40.6681,-73.9736
853,E 81 St & York Ave,29381,40.7728,-73.9499
1366,Riverside Dr & W 82 St,29334,40.7872,-73.9813
591,Cliff St & Fulton St,29327,40.7084,-74.0049
1621,W 40 St & 5 Ave,29114,40.748,-73.9738
1228,Morton St & Washington St,28987,40.7312,-74.0089
1447,St. Nicholas Ave & W 126 St,28831,40.8114,-73.9519
1113,Lenox Ave & W 126 St,28825,40.8084,-73.9452
893,Emerson Pl & Myrtle Ave,28716,40.6936,-73.9622
903,Flushing Ave & Vanderbilt Ave,28581,40.698,-73.9708
208,46 Ave & 5 St,28548,40.7473,-73.9545
563,Central Park W & W 103 St,28527,40.7956,-73.9619
1532,W 10 St & Washington St,28511,40.7334,-74.0085
1185,Market St & Henry St,28445,40.7131,-73.9945
1667,W Broadway & Spring St,28436,40.7249,-74.0017
1199,Meserole Ave & Manhattan Ave,28371,40.7271,-73.953
810,E 5 St & Cooper Sq,28369,40.7277,-73.991
846,E 77 St & 3 Ave,28322,40.7731,-73.9586
646,DeKalb Ave & Vanderbilt Ave,28292,40.6894,-73.9689
1452,Stagg St & Union Ave,28290,40.7088,-73.951
596,Clinton St & Cherry St,28239,40.7115,-73.9867
845,E 76 St & Park Ave,28119,40.7738,-73.9622
832,E 63 St & 3 Ave,28101,40.764,-73.9646
1703,Water St & Main St,27891,40.7032,-73.9904
1371,Roebling St & N 4 St,27878,40.7147,-73.9574
1540,W 110 St & Amsterdam Ave,27861,40.8027,-73.963
1046,Huron St & Franklin St,27721,40.7327,-73.9583
1656,W 74 St & Columbus Ave,27593,40.7786,-73.9775
1636,W 48 St &  Rockefeller Plaza,27593,40.7578,-73.9793
1688,Warren St & W Broadway,27561,40.7147,-74.0091
1389,Scholes St & Manhattan Ave,27423,40.7087,-73.9449
390,Atlantic Ave & Fort Greene Pl,27188,40.6838,-73.9763
997,Greene St & Prince St,27103,40.7251,-73.9993
1734,Willoughby Ave & Hall St,27088,40.692,-73.9654
1662,W 87 St & West End Ave,27065,40.7896,-73.9776
598,Clinton St & Joralemon St,26945,40.6924,-73.9934
1502,Union Ave & N 12 St,26942,40.7192,-73.9524
1359,Riverside Dr & W 104 St,26922,40.8013,-73.9711
856,E 84 St & Park Ave,26878,40.7786,-73.9577
827,E 6 St & 2 Ave,26835,40.7274,-73.9884
1002,Greenwich St & Hubert St,26830,40.7213,-74.0101
1062,Jay St & York St,26815,40.7014,-73.9867
1112,Lenox Ave & W 117 St,26808,40.8026,-73.9491
1048,India St & Manhattan Ave,26749,40.7323,-73.9551
999,Greenpoint Ave & Manhattan Ave,26650,40.7303,-73.9539
645,DeKalb Ave & S Portland Ave,26549,40.6898,-73.9749
862,E 89 St & 3 Ave,26515,40.7806,-73.9522
1668,W Broadway & W Houston St,26499,40.7264,-74.0005
1201,Metropolitan Ave & Meeker Ave,26495,40.7141,-73.9523
872,E 97 St & Madison Ave,26388,40.7878,-73.9536
1350,Reade St & Broadway,26386,40.7145,-74.0056
882,Eastern Pkwy & Franklin Ave,26375,40.6708,-73.9577
1187,McGuinness Blvd & Eagle St,26361,40.7356,-73.9528
705,E 12 St & Ave C,26273,40.7272,-73.9768
794,E 4 St & Ave B,26144,40.7233,-73.9827
427,Bergen St & Flatbush Ave,26132,40.6809,-73.9757
352,Adelphi St & Myrtle Ave,26122,40.6931,-73.9718
1213,Montrose Ave & Bushwick Ave,26093,40.7077,-73.9402
803,E 47 St & 1 Ave,26047,40.7521,-73.9678
325,8 Ave & W 24 St,26006,40.7459,-73.9981
1252,Nassau Ave & Russell St,25987,40.7256,-73.9443
966,Grand Army Plaza & Plaza St West,25907,40.673,-73.9709
234,5 Ave & 3 St,25805,40.6728,-73.9835
539,Carroll St & Smith St,25792,40.6806,-73.9948
861,E 88 St & Park Ave,25784,40.7814,-73.956
844,E 75 St & 3 Ave,25780,40.7711,-73.9577
1334,Prospect Park West & 8 St,25747,40.6651,-73.9764
419,Bedford Ave & Bergen St,25706,40.6764,-73.9529
644,DeKalb Ave & Hudson Ave,25523,40.6899,-73.981
921,Frederick Douglass Blvd & W 115 St,25433,40.8039,-73.9559
1378,S 4 St & Rodney St,25269,40.7093,-73.9561
1025,Henry St & Atlantic Ave,25180,40.6909,-73.9961
833,E 65 St & 2 Ave,25167,40.7647,-73.9622
1741,Willoughby St & Fleet St,25164,40.692,-73.9813
289,6 Ave & Walker St,25128,40.7198,-74.0052
675,Duffield St & Willoughby St,25116,40.6922,-73.9843
199,44 Dr & Jackson Ave,25060,40.7472,-73.9433
1316,Plaza St West & Flatbush Ave,25019,40.675,-73.9711
849,E 80 St & 2 Ave,24973,40.7739,-73.9544
1698,Washington St & Barrow St,24953,40.7319,-74.0088
1122,Leonard St & Nassau Ave,24904,40.724,-73.9498
961,Graham Ave & Grand St,24894,40.7119,-73.944
802,E 45 St & 3 Ave,24818,40.7526,-73.9728
1711,West Broadway & Watts St,24815,40.7232,-74.0031
841,E 72 St & Park Ave,24777,40.7712,-73.9641
1061,Jay St & Tech Pl,24774,40.6951,-73.9872
1679,Walker St & Baxter St,24665,40.7174,-73.9996
345,Adam Clayton Powell Blvd & W 126 St,24617,40.8095,-73.9478
107,3 St & 7 Ave,24616,40.6704,-73.9784
946,Fulton St & Waverly Ave,24587,40.6832,-73.966
876,E Houston St & Columbia St,24576,40.7198,-73.9787
285,6 Ave & Canal St,24517,40.7224,-74.0057
1706,Watts St & Greenwich St,24411,40.7241,-74.0097
1665,W 92 St & Broadway,24346,40.7921,-73.9739
1285,Parade Pl & Crooke Ave,24337,40.6518,-73.9652
1536,W 106 St & Amsterdam Ave,24173,40.8008,-73.9664
131,31 St & Newtown Ave,24078,40.7675,-73.9209
836,E 68 St & 3 Ave,23967,40.7671,-73.9622
28,12 Ave & W 125 St,23929,40.8183,-73.9604
1542,W 113 St & Broadway,23720,40.806,-73.9649
656,Devoe St & Lorimer St,23479,40.7134,-73.9491
814,E 51 St & Lexington Ave,23385,40.7571,-73.9721
1367,Riverside Dr & W 91 St,23319,40.7931,-73.977
1034,Hicks St & Montague St,23287,40.6951,-73.996
1206,Monroe St & Bedford Ave,23130,40.6851,-73.9538
1138,Liberty St & Nassau St,23098,40.7086,-74.0094
929,Front St & Jay St,23054,40.7025,-73.9868
1211,Montague St & Clinton St,22951,40.6943,-73.9923
1715,West End Ave & W 78 St,22821,40.7838,-73.9817
471,Broadway & Roebling St,22729,40.7092,-73.9606
283,6 Ave & 9 St,22721,40.6681,-73.9838
21,10 St & 7 Ave,22574,40.6662,-73.982
1273,Old Slip & South St,22473,40.7034,-74.0079
1077,John St & William St,22461,40.7086,-74.0072
1713,West End Ave & W 107 St,22436,40.8021,-73.9682
825,E 58 St & Madison Ave,22336,40.763,-73.9721
609,Columbia St & Rivington St,22307,40.7174,-73.9802
529,Carlton Ave & Dean St,22299,40.681,-73.971
647,Dean St & Franklin Ave,22268,40.6776,-73.9556
684,E 102 St & 1 Ave,22095,40.787,-73.9416
1087,Kingsland Ave & Nassau Ave,22042,40.7258,-73.9417
1610,W 35 St & 8 Ave,22009,40.7528,-73.9928
49,2 Ave & E 55 St,21945,40.7579,-73.9664
1375,Rutgers St & Henry St,21943,40.7133,-73.9901
128,31 St & Broadway,21937,40.7616,-73.9259
669,Douglass St & 3 Ave,21929,40.6802,-73.9843
1299,Pearl St & Hanover Square,21916,40.7047,-74.0093
1544,W 116 St & Broadway,21814,40.8082,-73.9641
1382,Sands St & Jay St,21798,40.7001,-73.9862
512,Bus Slip & State St,21753,40.7019,-74.0139
585,Classon Ave & St Marks Ave,21749,40.6765,-73.9596
1462,Steinway St & Broadway,21726,40.7591,-73.919
1416,South St & Pike St,21588,40.7099,-73.9916
918,Franklin St & W Broadway,21579,40.7191,-74.0067
542,Catherine St & Monroe St,21539,40.7112,-73.9968
1103,Lafayette Ave & St James Pl,21531,40.6885,-73.9648
101,3 Ave & E 71 St,21497,40.7687,-73.9612
1121,Leonard St & Maujer St,21495,40.7104,-73.9471
0,1 Ave & E 110 St,21478,40.7923,-73.9383
1128,Lexington Ave & E 111 St,21468,40.7954,-73.9441
869,E 93 St & 2 Ave,21433,40.7825,-73.9489
397,Ave D & E 8 St,21420,40.7237,-73.9757
1059,Jackson Ave & 46 Rd,21342,40.7452,-73.9473
1167,Madison Ave & E 99 St,21340,40.7895,-73.9524
488,Broadway & W 37 St,21285,40.7517,-73.9875
1664,W 90 St & Amsterdam Ave,21263,40.7902,-73.9729
1543,W 116 St & Amsterdam Ave,21263,40.8068,-73.9607
1386,Schermerhorn St & Court St,21215,40.691,-73.9918
1702,Water St & Gouverneur Ln,21158,40.7047,-74.008
1466,Sterling Pl & Bedford Ave,21064,40.6727,-73.9541
1259,Nevins St & Schermerhorn St,21024,40.6874,-73.9818
552,Center Blvd & 51 Ave,21012,40.7434,-73.9596
469,Broadway & Morris St,20963,40.7059,-74.0132
1292,Park Pl & Church St,20945,40.7133,-74.0094
599,Clinton St & Tillary St,20910,40.6962,-73.9914
655,Delancey St & Eldridge St,20902,40.7194,-73.9915
425,Bergen St & 4 Ave,20722,40.6826,-73.9799
1173,Madison St & Montgomery St,20565,40.7131,-73.9848
671,Driggs Ave & Lorimer St,20521,40.7218,-73.9504
859,E 85 St & York Ave,20471,40.7754,-73.948
847,E 78 St & 2 Ave,20426,40.7728,-73.9558
851,E 81 St & 3 Ave,20406,40.7757,-73.9568
453,Broad St & Bridge St,20398,40.7037,-74.0117
1176,Maiden Ln & Pearl St,20364,40.7071,-74.0073
643,DeKalb Ave & Franklin Ave,20282,40.6906,-73.9575
673,Driggs Ave & N Henry St,20210,40.7232,-73.9431
619,Congress St & Clinton St,20116,40.6883,-73.9955
1433,St Johns Pl & Washington Ave,20097,40.6737,-73.9632
1693,Washington Ave & Park Ave,20067,40.6961,-73.9675
854,E 82 St & East End Ave,20035,40.7725,-73.9468
1127,Lexington Ave & Classon Ave,20034,40.6868,-73.9593
534,Carroll St & 5 Ave,19992,40.6752,-73.9815
837,E 68 St & Madison Ave,19980,40.7692,-73.967
1385,Schermerhorn St & Bond St,19937,40.6884,-73.9845
1161,Macon St & Nostrand Ave,19926,40.681,-73.95
1374,Roosevelt Island Tramway,19902,40.7573,-73.9536
1100,Lafayette Ave & Classon Ave,19885,40.689,-73.9602
126,31 St & 23 Ave,19874,40.7748,-73.9126
398,Avenue C & E 18 St,19831,40.7306,-73.974
588,Clermont Ave & Lafayette Ave,19740,40.6876,-73.9697
10,1 Ave & E 94 St,19683,40.7817,-73.9459
507,Brooklyn Bridge Park - Pier 2,19615,40.6985,-73.9972
1317,Pleasant Ave & E 116 St,19591,40.795,-73.9333
1700,Washington St & Laight St,19411,40.7223,-74.0106
637,Cumberland St & Lafayette Ave,19231,40.6875,-73.9727
577,Cherry St,19203,40.7122,-73.9795
104,3 Ave & Schermerhorn St,19139,40.6868,-73.9797
436,Bialystoker Pl & Delancey St,19100,40.7162,-73.9826
1272,Old Fulton St,19069,40.7028,-73.9938
1126,Lewis Ave & Madison St,19047,40.6863,-73.9358
628,Crescent St & 30 Ave,19023,40.7687,-73.925
1541,W 111 St & 5 Ave,18953,40.7975,-73.9489
600,Clinton St & Union St,18922,40.6831,-73.9979
1538,W 107 St & Columbus Ave,18888,40.7998,-73.9621
1210,Monroe St & Tompkins Ave,18865,40.6862,-73.9447
949,Garfield Pl & 8 Ave,18813,40.6712,-73.9748
670,Douglass St & 4 Ave,18751,40.6793,-73.9815
524,Cadman Plaza E & Tillary St,18697,40.696,-73.9901
916,Franklin Ave & St Marks Ave,18669,40.6758,-73.9562
631,Crescent St & Broadway,18668,40.7634,-73.9286
1309,Pike St & Monroe St,18625,40.7117,-73.9919
835,E 67 St & Park Ave,18605,40.7678,-73.9659
1356,River Ter & Warren St,18604,40.7176,-74.0159
1535,W 104 St & Amsterdam Ave,18601,40.799,-73.9665
1381,S Portland Ave & Hanson Pl,18601,40.6854,-73.9743
1184,Market St & Cherry St,18571,40.7108,-73.994
1716,West End Ave & W 94 St,18472,40.7942,-73.9741
811,E 50 St & Park Ave,18385,40.7573,-73.9742
867,E 91 St & Park Ave,18380,40.7834,-73.9552
1049,India St Pier,18264,40.7317,-73.9612
887,Eastern Pkwy & Washington Ave,18116,40.6716,-73.9631
1612,W 35 St & Dyer Ave,18101,40.7547,-73.9974
690,E 106 St & Madison Ave,18100,40.7934,-73.9495
523,Cadman Plaza E & Red Cross Pl,18095,40.6999,-73.9897
1244,N 11 St & Kent Ave,18063,40.7225,-73.9592
1238,Myrtle Ave & Fleet Pl,17943,40.6935,-73.9819
1027,Henry St & Degraw St,17942,40.6848,-73.9992
852,E 81 St & Park Ave,17918,40.7768,-73.959
1230,Motorgate,17797,40.7639,-73.9477
790,E 35 St & Madison Ave,17796,40.7485,-73.9826
416,Bayard St & Leonard St,17790,40.7192,-73.9489
83,27 St & Hunter St,17780,40.7485,-73.9413
1622,W 40 St & 7 Ave,17747,40.7548,-73.9882
1498,Underhill Ave & Lincoln Pl,17690,40.674,-73.9671
822,E 58 St & 1 Ave (NE Corner),17647,40.7589,-73.9623
535,Carroll St & 6 Ave,17563,40.6741,-73.9787
1365,Riverside Dr & W 78 St,17513,40.7841,-73.9836
1694,Washington Park,17507,40.6918,-73.9737
1338,Prospect Pl & Underhill Ave,17503,40.677,-73.9658
205,45 Ave & 21 St,17465,40.7474,-73.9478
439,Boerum Pl\t& Pacific St,17335,40.6885,-73.9912
1097,Kosciuszko St & Tompkins Ave,17220,40.6913,-73.9452
32,14 St & 7 Ave,17132,40.6638,-73.984
179,4 Ave & 9 St,17116,40.6705,-73.9888
1504,Union St & 4 Ave,17076,40.6773,-73.9828
967,Grand Ave & Bergen St,17065,40.678,-73.9624
1383,Sands St Gate,17046,40.6996,-73.9798
344,Adam Clayton Powell Blvd & W 123 St,16966,40.8078,-73.9494
1321,President St & 4 Ave,16958,40.6768,-73.9833
942,Fulton St & Irving Pl,16934,40.6819,-73.9594
1192,Melrose St & Broadway,16883,40.6975,-73.9359
667,Dock 72 Way & Market St,16859,40.6998,-73.9714
1692,Washington Ave & Greene Ave,16723,40.6865,-73.9656
1687,Warren St & Smith St,16710,40.6854,-73.9913
1088,Kingston Ave & Herkimer St,16622,40.6789,-73.9414
1755,Wyckoff Av & Stanhope St,16621,40.7035,-73.9178
834,E 66 St & Madison Ave,16607,40.768,-73.9685
1756,Wyckoff Ave & Gates Ave,16516,40.6999,-73.9117
1109,Lefferts Pl & Franklin Ave,16431,40.6803,-73.9558
44,2 Ave & E 104 St,16360,40.7892,-73.9437
87,28 St & 41 Ave,16301,40.751,-73.938
995,Greene Ave & Nostrand Ave,16301,40.6883,-73.9509
362,Amsterdam Ave & W 119 St,16248,40.8086,-73.9596
1737,Willoughby Ave & Tompkins Ave,16241,40.6943,-73.9463
31,14 St & 5 Ave,16240,40.6663,-73.989
102,3 Ave & E 72 St,16233,40.7699,-73.9606
648,Dean St & Hoyt St,16202,40.6864,-73.9876
343,Adam Clayton Powell Blvd & W 118 St,16190,40.8044,-73.9515
290,6 St & 7 Ave,16161,40.6687,-73.9799
1078,Johnson St & Gold St,16137,40.6947,-73.9836
700,E 118 St & 1 Ave,16069,40.7975,-73.935
451,Bridge St & Water St,16057,40.703,-73.9847
1014,Hancock St & Bedford Ave,15980,40.6822,-73.954
1642,W 52 St & 11 Ave,15957,40.7673,-73.9939
881,East End Ave & E 86 St,15914,40.7752,-73.9445
166,38 St & 30 Ave,15903,40.7642,-73.9158
831,E 60 St & York Ave,15881,40.7591,-73.9592
348,Adam Clayton Powell Blvd & W 138 St,15861,40.817,-73.9423
1082,Kent Ave & Division Ave,15821,40.7066,-73.9683
129,31 St & Ditmars Blvd,15801,40.7762,-73.9105
930,Front St & Washington St,15768,40.7026,-73.9894
1455,Stanton St & Mangin St,15763,40.7178,-73.9763
996,Greene Ave & Throop Ave,15723,40.6895,-73.9421
1685,Wards Meadow Comfort Station,15702,40.7829,-73.9308
686,E 103 St & Lexington Ave,15660,40.7903,-73.9476
1483,Suydam St & Broadway,15639,40.6954,-73.9322
399,Avenue D & E 10 St,15532,40.7251,-73.9752
519,Bushwick Ave & Powers St,15509,40.7125,-73.941
1007,Grove St & Broadway,15383,40.6905,-73.9235
654,Degraw St & Smith St,15373,40.6829,-73.9932
52,2 Ave & E 99 St,15296,40.7863,-73.9455
1022,Harrison St & Hudson St,15277,40.7187,-74.009
527,Cambridge Pl & Gates Ave,15241,40.6849,-73.963
1246,N 15 St & Wythe Ave,15230,40.7241,-73.9557
440,Boerum St & Broadway,15211,40.7054,-73.9498
178,4 Ave & 3 St,15181,40.6737,-73.9856
668,Dock St & Front St,15127,40.7027,-73.9925
689,E 106 St & Lexington Ave,15105,40.792,-73.946
1735,Willoughby Ave & Myrtle Ave,15094,40.6976,-73.931
1619,W 39 St & 9 Ave,15089,40.7565,-73.9937
1457,State St & Smith St,15050,40.6892,-73.9886
1431,St James Pl & Pearl St,14991,40.7112,-74.0002
118,31 Ave & 34 St,14978,40.7632,-73.9208
1411,Soissons Landing,14937,40.6923,-74.0149
945,Fulton St & Utica Ave,14935,40.6794,-73.9299
1344,Putnam Ave & Throop Ave,14928,40.6852,-73.9411
870,E 95 St & 3 Ave,14887,40.7849,-73.9505
1290,Park Cir & East Dr,14877,40.6516,-73.9722
605,Columbia Heights & Cranberry St,14846,40.7004,-73.9955
1040,Hudson Blvd E & W 36 St,14775,40.7563,-73.9995
1335,Prospect Pl & 6 Ave,14764,40.6793,-73.9752
1501,Union Ave & Jackson St,14693,40.7161,-73.952
1410,Smith St & 9 St,14660,40.6747,-73.9979
963,Graham Ave & Withers St,14637,40.717,-73.9449
441,Bond St & Bergen St,14589,40.685,-73.9862
389,Astoria Park S & Shore Blvd,14503,40.7767,-73.9276
1233,Mt Morris Park W & W 120 St,14489,40.804,-73.9459
941,Fulton St & Clermont Ave,14481,40.6842,-73.9692
1372,Rogers Ave & Sterling St,14460,40.6631,-73.9539
755,E 17 St & 2 Ave,14459,40.7343,-73.9837
696,E 114 St & 1 Ave,14429,40.7946,-73.9363
1219,Morningside Ave & W 123 St,14404,40.81,-73.9552
1181,Marcy Ave & Lafayette Ave,14394,40.6901,-73.9479
1465,Sterling Pl & 5 Ave,14392,40.679,-73.9786
674,Duane St & Hudson St,14371,40.717,-74.0092
1237,Murray St\t& West St,14352,40.715,-74.0125
1499,Underhill Ave & Pacific St,14348,40.6805,-73.9647
1438,St Marks Pl & 4 Ave,14251,40.6818,-73.9799
1409,Smith St & 3 St,14240,40.6787,-73.996
497,Broadway & Whipple St,14197,40.7017,-73.9437
411,Barclay St & Church St,14179,40.7129,-74.0102
697,E 115 St & Lexington Ave,14154,40.7979,-73.9423
1188,McKibbin St & Bogart St,14101,40.7062,-73.9339
11,1 Pl & Clinton St,14100,40.681,-73.9991
1168,Madison St & Clinton St,14017,40.7127,-73.9878
537,Carroll St & Columbia St,13974,40.683,-74.0035
417,Beaver St & Fayette St,13922,40.701,-73.9392
1079,Kane St & Clinton St,13794,40.6862,-73.9965
702,E 118 St & Madison Ave,13771,40.8015,-73.9443
1302,Peck Slip & South St,13708,40.7075,-74.0011
1248,N Moore St & Hudson St,13701,40.72,-74.0084
121,31 Ave & Crescent St,13676,40.7658,-73.9265
1484,Suydam St & Knickerbocker Ave,13669,40.702,-73.9238
624,Court St & Nelson St,13642,40.6764,-73.9987
280,6 Ave & 21 St,13624,40.6602,-73.991
1125,Lewis Ave & Kosciuszko St,13616,40.6924,-73.9371
1546,W 120 St & Claremont Ave,13616,40.8109,-73.9634
744,E 161 St & River Ave,13611,40.8279,-73.9271
1111,Lenox Ave & W 115 St,13590,40.8012,-73.9501
320,7 St & 5 Ave,13551,40.6705,-73.9854
279,6 Ave & 12 St,13524,40.6663,-73.9855
1754,Wyckoff Av & Jefferson St,13523,40.7072,-73.9237
1096,Kosciuszko St & Nostrand Ave,13515,40.6907,-73.9513
1011,Halsey St & Tompkins Ave,13451,40.6824,-73.9441
1278,Pacific St & Nevins St,13395,40.6854,-73.983
1029,Henry St & Middagh St,13379,40.7003,-73.9916
1251,Nassau Ave & Newell St,13330,40.7248,-73.9475
71,21 St & Queens Plaza North,13330,40.7533,-73.9434
1293,Park Pl & Franklin Ave,13316,40.6742,-73.9565
592,Clinton Ave & Flushing Ave,13303,40.6979,-73.9699
433,Berkeley Pl & 6 Ave,13277,40.6765,-73.9785
1352,Richardson St & N Henry St,13266,40.7191,-73.9422
1030,Henry St & Remsen St,13181,40.694,-73.9947
1744,Wilson Ave & Troutman St,13153,40.7017,-73.9275
1190,Melrose Ave & E 150 St,13009,40.8168,-73.9173
1686,Warren St & Court St,12972,40.6864,-73.9938
442,Bond St & Fulton St,12968,40.6896,-73.983
629,Crescent St & 34 Ave,12923,40.7611,-73.9306
1307,Pierrepont St & Monroe Pl,12901,40.6954,-73.9934
1617,W 37 St & Broadway,12882,40.7523,-73.9877
589,Clermont Ave & Park Ave,12871,40.6957,-73.9713
1760,Yankee Ferry Terminal,12840,40.6871,-74.0168
155,36 Ave & 31 St,12828,40.7565,-73.9296
122,31 Ave & Steinway St,12824,40.7611,-73.917
363,Amsterdam Ave & W 125 St,12813,40.8134,-73.9565
1505,Union St & Bedford Ave,12805,40.6692,-73.9554
138,34 Ave & 38 St,12775,40.7569,-73.9216
351,Adams St & Prospect St,12759,40.7008,-73.9887
388,Ashland Pl & Dekalb Ave,12750,40.6901,-73.9788
1738,Willoughby Ave & Walworth St,12666,40.6933,-73.9538
342,Adam Clayton Powell Blvd & W 115 St,12630,40.8025,-73.9532
1441,St Nicholas Ave & W 134 St,12511,40.8162,-73.9482
1141,Lincoln Pl & Classon Ave,12505,40.6722,-73.9609
467,Broadway & Kosciuszko St,12487,40.6933,-73.9285
12,1 St & 6 Ave,12480,40.6728,-73.9798
1526,Vernon Blvd & 47 Rd,12479,40.7449,-73.9535
1243,Myrtle Ave & St Edwards St,12457,40.6933,-73.977
1461,Steinway St & 28 Ave,12444,40.7656,-73.9137
20,10 St & 5 Ave,12434,40.6686,-73.987
1189,McKibbin St & Manhattan Ave,12408,40.7051,-73.9441
1427,Spruce St & Gold St,12327,40.7103,-74.0043
470,Broadway & Moylan Pl,12298,40.8143,-73.959
34,17 St & 5 Ave,12236,40.6635,-73.991
106,3 St & 3 Ave,12225,40.6751,-73.9878
1164,Madison Ave & E 120 St,12152,40.803,-73.943
1180,Marcus Garvey Blvd & Macon St,12152,40.6826,-73.938
1242,Myrtle Ave & Marcy Ave,12148,40.6954,-73.9495
1236,Murray St & West St,12069,40.715,-74.013
1255,Nassau St & Navy St,12066,40.6984,-73.9807
206,45 Rd & 11 St,12008,40.7471,-73.9498
1262,Newtown Ave & 23 St,11931,40.7714,-73.9246
246,5 Ave & W 126 St,11860,40.8072,-73.9418
1529,Verona Pl & Fulton St,11850,40.6804,-73.9477
594,Clinton St & 4 Place,11850,40.6784,-74.0001
653,Degraw St & Hoyt St,11850,40.682,-73.9908
151,35 St & 30 Ave,11837,40.7655,-73.9181
1056,Irving Ave & Jefferson St,11829,40.7054,-73.9254
687,E 106 St & 1 Ave,11796,40.7893,-73.9396
611,Columbus Ave & W 103 St,11768,40.7969,-73.9643
1340,Pulaski St & Marcus Garvey Blvd,11746,40.6934,-73.9399
558,Central Ave & Starr Street,11739,40.7,-73.9283
521,Butler St & Court St,11729,40.685,-73.9944
1739,Willoughby Ave & Wyckoff Ave,11642,40.7056,-73.9215
664,Division Ave & Hooper St,11552,40.7068,-73.9544
688,E 106 St & 2 Ave,11551,40.7906,-73.942
1758,Wyckoff St & Nevins St,11503,40.6834,-73.9843
468,Broadway & Madison St,11503,40.6882,-73.9197
1300,Pearl St & Peck Slip,11474,40.7085,-74.0028
888,Edgecombe Ave & W 141 St,11463,40.8207,-73.9451
1506,Union St & Nevins St,11458,40.6791,-73.9877
153,35 St & Broadway,11413,40.7603,-73.9222
606,Columbia St & Degraw St,11399,40.6859,-74.0024
1004,Greenwich St & Rector St,11354,40.7081,-74.0136
1119,Leonard St & Boerum St,11312,40.7058,-73.9464
117,31 Ave & 30 St,11293,40.7647,-73.924
1214,Morgan Ave & Lombardy St,11281,40.7223,-73.9389
685,E 102 St & Park Ave,11246,40.7905,-73.9503
347,Adam Clayton Powell Blvd & W 132 St,11228,40.8135,-73.9452
1123,Lewis Ave & Decatur St,11180,40.6815,-73.9349
1240,Myrtle Ave & Lewis Ave,11119,40.6968,-73.9376
1129,Lexington Ave & E 120 St,11099,40.8013,-73.9398
410,Banker St & Meserole Ave,11094,40.7261,-73.9562
932,Frost St & Meeker Ave,11052,40.7177,-73.9488
871,E 97 St & 3 Ave,11052,40.7859,-73.9486
1318,Pleasant Ave & E 120 St,11049,40.7975,-73.9312
1114,Lenox Ave & W 130 St,11017,40.8108,-73.9431
1746,Windsor Pl & Howard Pl,11002,40.6595,-73.9801
928,Front St & Gold St,10986,40.7022,-73.9826
1515,Van Brunt St & Van Dyke St,10958,40.6758,-74.0147
530,Carlton Ave & Flushing Ave,10942,40.6978,-73.9737
472,Broadway & W 122 St,10913,40.8121,-73.9613
70,21 St & Hoyt Ave S,10894,40.7746,-73.9237
873,E 98 St & Park Ave,10892,40.7881,-73.9521
1091,Knickerbocker Ave & George St,10884,40.7044,-73.9284
1207,Monroe St & Classon Ave,10871,40.6846,-73.9588
422,Bedford Ave & S 9 St,10831,40.7085,-73.9641
551,Center Blvd & 48 Ave,10830,40.745,-73.9575
1313,Pitt St & Stanton St,10822,40.7193,-73.9818
1473,Stockholm St & Wilson Ave,10817,40.6993,-73.923
525,Calyer St & Guernsey St,10689,40.7276,-73.9551
1524,Vernon Blvd & 31 Ave,10636,40.7692,-73.9355
1115,Lenox Ave & W 133 St,10582,40.813,-73.9419
1516,Van Brunt St & Wolcott St,10552,40.6773,-74.0128
536,Carroll St & Bond St,10538,40.6786,-73.9904
699,E 116 St & 2 Ave,10485,40.7969,-73.9373
616,Concord St & Bridge St,10436,40.6977,-73.9848
30,12 St & 4 Ave,10402,40.6686,-73.9904
1575,W 18 St & 9 Ave,10364,40.7435,-74.0037
319,7 St & 3 Ave,10296,40.6726,-73.9898
1568,W 168th S & Fort Washington Ave,10281,40.8421,-73.9422
526,Calyer St & Jewel St,10278,40.7298,-73.9484
1329,Prospect Park SW & 10 Ave,10217,40.6599,-73.9775
1503,Union Ave & Wallabout St,10208,40.7003,-73.9503
346,Adam Clayton Powell Blvd & W 130 St,10163,40.8123,-73.9462
1116,Lenox Ave & W 140 St,10161,40.8172,-73.9388
1522,Vernon Blvd & 10 St,10113,40.7672,-73.9374
46,2 Ave & E 125 St,10108,40.8026,-73.9335
516,Bushwick Ave & Harman St,10100,40.6936,-73.9252
915,Franklin Ave & Myrtle Ave,10086,40.6945,-73.958
701,E 118 St & 3 Ave,10084,40.7991,-73.9389
894,Engert Ave & McGuinness Blvd,10081,40.7216,-73.9455
249,5 St & 6 Ave,10057,40.6705,-73.9821
964,Gramercy Park N & Gramercy Park E,9997,40.738,-73.9851
889,Edgecombe Ave & W 145 St,9993,40.8235,-73.9439
148,35 Ave & 37 St,9968,40.7557,-73.9237
36,19 St & 24 Ave,9940,40.7775,-73.9225
1397,Sharon St & Olive St,9934,40.7154,-73.9386
247,5 Ave & W 131 St,9906,40.8101,-73.9397
895,Evergreen Ave & Noll St,9849,40.7011,-73.9332
130,31 St & Hoyt Ave N,9827,40.7712,-73.917
972,Grand Concourse & E 161 St,9791,40.8271,-73.9227
1330,Prospect Park SW & 16 St,9763,40.6573,-73.9742
1704,Waterbury St & Stagg St,9735,40.7102,-73.9373
349,Adam Clayton Powell Blvd & W 141 St,9696,40.8192,-73.9411
93,3 Ave & E 112 St,9651,40.7955,-73.9416
92,3 Ave & E 100 St,9626,40.7877,-73.9473
1053,Irving Ave & DeKalb Ave,9609,40.7027,-73.921
1107,Laight St & Hudson St,9605,40.7219,-74.0077
1256,Nassau St\t& Duffield St,9541,40.6985,-73.9838
1266,Nostrand Ave & Myrtle Ave,9534,40.6953,-73.9524
80,25 Ave & 41 St,9526,40.7677,-73.911
1095,Knickerbocker Ave & Thames St,9462,40.7054,-73.9298
45,2 Ave & E 122 St,9402,40.8007,-73.9349
35,18 St & 27 Ave,9386,40.7728,-73.9274
993,Greene Av & Myrtle Av,9384,40.6986,-73.9189
620,Congress St & Hicks St,9336,40.6894,-73.9995
61,21 Ave & Crescent St,9335,40.7805,-73.9122
910,Forsyth St & Grand St,9325,40.7178,-73.9932
706,E 123 St & Lexington Ave,9295,40.8029,-73.9379
1490,Throop Ave & Myrtle Ave,9287,40.6962,-73.9437
951,George St & Wilson Ave,9253,40.703,-73.93
1471,Sterling St & Bedford Ave,9217,40.6627,-73.9569
1229,Morton St & West St,9216,40.7314,-74.0108
400,Avenue D & E 12 St,9215,40.7258,-73.9742
1332,Prospect Park SW & Vanderbilt St,9210,40.6548,-73.9732
1726,White St & Moore St,9200,40.7045,-73.9351
681,E 1 St & Bowery,9195,40.7249,-73.9921
78,24 St & 41 Ave,9175,40.7525,-73.94
1288,Park Ave & Marcus Garvey Blvd,9172,40.6986,-73.9413
799,E 43 St & 2 Ave,9165,40.7502,-73.9712
698,E 115 St & Madison Ave,9164,40.7989,-73.9448
65,21 St & 31 Dr,9086,40.7659,-73.9308
491,Broadway & W 48 St,9054,40.7602,-73.9849
473,Broadway & W 131 St,9049,40.8176,-73.9572
1635,W 47 St & 9 Ave,9048,40.7615,-73.9901
474,Broadway & W 133 St,8980,40.819,-73.9562
1370,Rockaway Ave & Bainbridge St,8956,40.6832,-73.9117
1008,Halsey St & Broadway,8909,40.6856,-73.9156
1425,Southpoint Park,8873,40.7537,-73.9587
875,E Fordham Rd & Webster Ave,8843,40.8617,-73.8911
923,Frederick Douglass Blvd & W 129 St,8832,40.8126,-73.9492
1312,Pioneer St & Van Brunt St,8823,40.679,-74.0112
1044,Humboldt St & Varet St,8821,40.7032,-73.9406
112,30 Ave & 41 St,8817,40.7634,-73.9141
1353,River Ave & E 151 St,8813,40.8222,-73.9289
22,11 Ave & Prospect Ave,8793,40.6563,-73.9773
481,Broadway & W 168 St,8788,40.8409,-73.9397
1360,Riverside Dr & W 138 St,8780,40.8232,-73.9559
1055,Irving Ave & Harman St,8742,40.7011,-73.9179
1331,Prospect Park SW & Greenwood Ave,8738,40.6526,-73.9726
146,34th Ave & Vernon Blvd,8735,40.7654,-73.9399
1676,Wadsworth Ave & W 179 St,8631,40.8485,-73.9361
658,Ditmars Blvd & 19 St,8579,40.7814,-73.9183
990,Grant Ave & E 169 St,8572,40.8358,-73.9137
607,Columbia St & Kane St,8572,40.6876,-74.0016
962,Graham Ave & Herbert St,8561,40.7193,-73.945
230,49 Ave & 21 St,8550,40.7425,-73.9489
228,48 St & Broadway,8498,40.7558,-73.9127
1064,Jefferson St & Cypress Ave,8483,40.7091,-73.9216
1060,Jackson St & Leonard St,8469,40.7164,-73.9482
560,Central Ave & Woodbine St,8463,40.693,-73.916
233,5 Av & W 139 St,8436,40.8155,-73.9359
132,31 St & Northern Blvd,8430,40.7519,-73.9335
479,Broadway & W 160 St,8427,40.8358,-73.9434
1403,Shore Blvd & Astoria Park,8399,40.7798,-73.9232
1179,Manhattan Av & Leonard St,8394,40.7208,-73.9484
141,34 St & 35 Ave,8391,40.7569,-73.9262
513,Bushwick Ave & Dekalb Ave,8367,40.695,-73.9282
108,3 St & Hoyt St,8343,40.6777,-73.9936
514,Bushwick Ave & Forrest St,8335,40.7008,-73.9364
925,Frederick Douglass Blvd & W 145 St,8329,40.8231,-73.9419
250,5 St & Market St,8308,40.7,-73.9744
86,28 St & 36 Ave,8305,40.7572,-73.9327
630,Crescent St & 35 Ave,8297,40.7596,-73.9321
1577,W 181 St & Riverside Dr,8279,40.8517,-73.9419
84,28 Ave & 35 St,8250,40.7671,-73.917
708,E 128 St & Madison Ave,8221,40.8076,-73.9392
550,Cedar St & Myrtle Ave,8166,40.6978,-73.9262
1342,Putnam Ave & Nostrand Ave,8165,40.684,-73.9498
157,36 St & 4 Ave,8159,40.6541,-74.0042
68,21 St & 4 Ave,8153,40.6626,-73.9956
665,Division Ave & Marcy Ave,8099,40.7071,-73.958
222,48 Ave & 5 St,8088,40.7444,-73.9559
1555,W 146 St & Broadway,8050,40.827,-73.9497
353,Albany Ave & Fulton St,8045,40.68,-73.9385
1339,Prospect Pl & Vanderbilt Ave,8012,40.6777,-73.969
657,Devoe St & Morgan Ave,7990,40.7138,-73.9351
906,Forest Ave & Summerfield St,7983,40.6992,-73.898
1479,Sullivan Pl & Franklin Ave,7968,40.6641,-73.9603
1494,Tompkins Ave & Hopkins St,7960,40.6996,-73.9471
621,Convent Ave & W 135 St,7957,40.8182,-73.951
1047,Icahn Stadium,7954,40.7935,-73.9239
1140,Lincoln Ave & E 138 St,7944,40.8109,-73.9273
1569,W 17 St & 7 Ave,7908,40.7406,-73.9985
924,Frederick Douglass Blvd & W 139 St,7898,40.819,-73.9448
531,Carlton Ave & Park Ave,7862,40.6958,-73.9736
1320,Powers St & Olive St,7856,40.7132,-73.9389
1451,Stagg St & Morgan Ave,7840,40.7107,-73.9337
159,36 St & Ditmars Blvd,7788,40.7743,-73.9083
874,E Burnside Ave & Ryer Ave,7751,40.8505,-73.9013
711,E 132 St & Madison Ave,7736,40.8102,-73.9372
478,Broadway & W 155 St,7718,40.833,-73.9459
1277,Pacific St & Classon Ave,7707,40.6792,-73.9588
154,36 Ave & 10 St,7700,40.7614,-73.9411
517,Bushwick Ave & Linden St,7671,40.6915,-73.9215
1220,Morningside Dr & Amsterdam Ave,7660,40.8103,-73.9574
974,Grand Concourse & E 166 St,7633,40.832,-73.9196
1551,W 135 St & Lenox Terrace Pl,7607,40.8136,-73.9393
1264,Norman St & Wyckoff Ave,7599,40.6952,-73.9031
91,3 Ave & Carroll St,7572,40.677,-73.9865
1553,W 144 St & Adam Clayton Powell Blvd,7532,40.8209,-73.9392
1608,W 34 St & Hudson Blvd E,7529,40.7552,-74.0006
759,E 170 St & Webster Ave,7525,40.8362,-73.9073
147,35 Ave & 10 St,7517,40.7632,-73.9399
127,31 St & Astoria Blvd,7504,40.7699,-73.9184
1092,Knickerbocker Ave & Halsey St,7467,40.693,-73.9082
466,Broadway & Hancock St,7456,40.6866,-73.9168
350,Adam Clayton Powell Blvd & W 151 St,7402,40.8253,-73.9362
197,43 St & Broadway,7363,40.7577,-73.9166
420,Bedford Ave & Montgomery St,7323,40.6658,-73.9569
76,24 Ave & 29 St,7319,40.7729,-73.9161
715,E 138 St & 5 Av,7313,40.8145,-73.9362
730,E 149 St & Morris Ave,7252,40.8173,-73.923
1442,St Nicholas Ave & W 137 St,7214,40.8185,-73.9476
975,Grand Concourse & E 167 St,7204,40.8343,-73.9176
116,31 Ave & 14 St,7196,40.7682,-73.9323
165,38 Ave & 29 St,7185,40.7547,-73.9337
183,40 Ave & Crescent St,7166,40.7536,-73.938
555,Central Ave & Flushing Ave,7160,40.7028,-73.9333
75,24 Ave & 26 St,7112,40.7746,-73.9185
659,Ditmars Blvd & 43 St,7098,40.7712,-73.9039
815,E 53 St & 3 Ave,7056,40.7574,-73.969
133,31 St & Thomson Ave,7030,40.7447,-73.9354
518,Bushwick Ave & McKibbin St,7025,40.7055,-73.9394
557,Central Ave & Melrose St,7023,40.7011,-73.9304
1740,Willoughby St & Ashland Pl,7020,40.6918,-73.9788
137,34 Ave & 31 St,7006,40.7596,-73.9271
1361,Riverside Dr & W 145 St,6997,40.8273,-73.952
152,35 St & 34 Ave,6995,40.7581,-73.9243
1289,Park Ave & St Edwards St,6976,40.6961,-73.978
1387,Schermerhorn St & Hoyt St,6975,40.6886,-73.9852
239,5 Ave & E 135 St,6973,40.8122,-73.9378
1363,Riverside Dr & W 153 St,6940,40.8322,-73.9497
340,9 St & 44 Rd,6930,40.7497,-73.9521
1731,Willis Ave & E 137 St,6920,40.8084,-73.9236
19,10 St & 2 Ave,6913,40.6719,-73.9936
69,21 St & 43 Ave,6897,40.7505,-73.9459
95,3 Ave & E 169 St,6877,40.8327,-73.9052
156,36 St & 3 Ave,6850,40.6557,-74.0067
904,Flushing Ave & Woodward Ave,6849,40.7125,-73.9187
332,8 St & Astoria Blvd,6829,40.7726,-73.9327
1314,Plaza Dr & W 170 St,6800,40.8405,-73.9179
448,Bradhurst Ave & W 148 St,6794,40.8251,-73.9416
1576,W 180 St & Ft Washington Ave,6766,40.85,-73.9384
1305,Picnic Point,6764,40.6851,-74.0254
82,27 Ave & 9 St,6712,40.774,-73.9309
1148,Lorimer St & Broadway,6654,40.7041,-73.9482
385,Anthony Ave & E Tremont Ave,6637,40.8488,-73.9032
1054,Irving Ave & Halsey St,6636,40.6947,-73.9066
261,53 St & 4 Ave,6632,40.6449,-74.0145
1223,Morris Ave & E 163 St,6624,40.8272,-73.9177
556,Central Ave & Himrod St,6620,40.6968,-73.923
1517,Van Buren St & Broadway,6618,40.692,-73.9262
1547,W 129 St & Convent Ave,6614,40.8144,-73.9532
1171,Madison St & Forest Ave,6603,40.7056,-73.9024
456,Broadway & 12 St,6596,40.7668,-73.9348
365,Amsterdam Ave & W 136 St,6563,40.8197,-73.9518
77,24 St & 38 Ave,6519,40.7564,-73.9365
549,Cedar St & Evergreen Ave,6500,40.6967,-73.9281
1556,W 147 St & Adam Clayton Powell Blvd,6491,40.8228,-73.9374
476,Broadway & W 142 St,6485,40.8247,-73.9519
1557,W 148 St & Amsterdam Ave,6478,40.8271,-73.9459
314,7 Ave & 41 St,6468,40.6474,-74.0009
56,20 Ave & 38 St,6454,40.7771,-73.9024
215,47 Ave & 31 St,6425,40.743,-73.9356
1258,Nelson Ave & W 172 St,6424,40.844,-73.921
85,28 Ave & 44 St,6424,40.7641,-73.9107
236,5 Ave & 41 St,6404,40.65,-74.0051
1401,Sherman Ave & E 166 St,6400,40.8313,-73.9174
1745,Windsor Pl & 8 Ave,6374,40.6609,-73.9831
1175,Madison St & Woodward Ave,6362,40.7041,-73.9041
111,30 Ave & 21 St,6343,40.7704,-73.9286
1747,Withers St & Kingsland Ave,6313,40.7177,-73.9405
182,40 Ave & 9 St,6296,40.7574,-73.9451
540,Carroll St & Washington Ave,6290,40.6687,-73.9618
602,Coffey St & Ferris St,6274,40.6782,-74.017
299,62 St & Northern Blvd,6269,40.7542,-73.9003
79,24 St & 5 Ave,6259,40.6596,-73.9951
1267,Ocean Pkwy & Church Ave,6245,40.6447,-73.9745
543,Caton Ave & Argyle Rd,6239,40.6497,-73.9678
1443,St Nicholas Ave & W 150 St,6230,40.8272,-73.9427
224,48 St & 37 Ave,6195,40.7516,-73.915
632,Crescent St & Ditmars Blvd,6167,40.7787,-73.9146
1550,W 133 St & 12 Ave,6166,40.82,-73.9591
311,7 Ave & 20 St,6163,40.6591,-73.9885
72,23 Ave & 27 St,6158,40.7762,-73.9153
1117,Lenox Ave & W 144 St,6154,40.8198,-73.9365
1322,President St & Henry St,6077,40.6828,-73.9999
559,Central Ave & Weirfield St,6060,40.6906,-73.9118
176,4 Ave & 17 St,6036,40.6655,-73.993
868,E 92 St & Park Ave,6032,40.7838,-73.9542
1063,Jefferson Ave & Evergreen Ave,6000,40.6899,-73.9146
1453,Stanhope St & Fairview Ave,5997,40.71,-73.9112
125,31 St & 21 Ave,5966,40.7781,-73.9084
1130,Lexington Ave & E 127 St,5931,40.8057,-73.9363
994,Greene Ave & Grandview Ave,5910,40.7097,-73.9079
1472,Stewart Ave & Johnson Ave,5905,40.7087,-73.9259
1170,Madison St & Evergreen Ave,5890,40.6912,-73.9169
33,16th St & 4th Ave,5887,40.6662,-73.9925
538,Carroll St & Franklin Ave,5882,40.6679,-73.9588
1554,W 145 St & Amsterdam Ave,5846,40.8252,-73.9473
136,34 Ave & 21 St,5795,40.7628,-73.9343
96,3 Ave & E 170 St,5788,40.8349,-73.9037
1689,Washington Ave & E 163 St,5779,40.824,-73.9109
1450,St. Nicholas Terrace & Convent Ave,5770,40.8213,-73.9479
1567,W 165 St & Fort Washington Ave,5762,40.84,-73.9429
1399,Sheridan Ave & E 168 St,5754,40.8353,-73.9154
758,E 170 St & Sheridan Ave,5746,40.8383,-73.9126
1459,Steinway St & 21 Ave,5745,40.7748,-73.9038
142,34 St & 38 Ave,5742,40.7524,-73.9297
615,Commerce St & Van Brunt St,5724,40.6812,-74.0086
1594,W 225 St & Exterior St,5717,40.8733,-73.9066
520,Bushwick Ave & Stagg St,5665,40.7099,-73.9401
452,Bridge St & York St,5630,40.7013,-73.9847
1057,Irving Ave & Palmetto St,5614,40.698,-73.9127
679,Dyckman St & Staff St,5611,40.8688,-73.9315
248,5 St & 51 Ave,5537,40.7424,-73.9566
970,Grand Concourse & E 144 St,5523,40.8169,-73.928
366,Amsterdam Ave & W 152 St,5521,40.8295,-73.9443
1564,W 160 St & St. Nicholas Ave,5516,40.8345,-73.9399
1023,Hart St & Wyckoff Ave,5498,40.7049,-73.9199
626,Courtlandt Ave & E 149 St,5491,40.8164,-73.9195
1058,Isham St & Broadway,5481,40.8679,-73.9197
1215,Morgan Ave & Maspeth Ave,5478,40.7167,-73.9364
1482,Sunken Meadow Comfort Station,5474,40.7956,-73.9191
601,Coffey St & Conover St,5465,40.6772,-74.0157
973,Grand Concourse & E 164 St,5449,40.8296,-73.9215
1753,Woodward Ave & Harman St,5376,40.7079,-73.9109
1013,Hamilton Pl & W 140 St,5341,40.8228,-73.9513
63,21 St & 21 Ave,5334,40.7825,-73.9145
912,Fort Washington Ave & W 173 St,5319,40.8452,-73.9405
743,E 161 St & Park Ave,5291,40.8248,-73.9164
1404,Sigourney St & Columbia St,5266,40.6727,-74.0088
1736,Willoughby Ave & Onderdonk Ave,5210,40.7098,-73.9173
1460,Steinway St & 23 Ave,5208,40.7714,-73.9077
1193,Menahan St & Central Ave,5194,40.6954,-73.9196
1492,Tiebout Ave & E Fordham Road,5142,40.8619,-73.8948
113,30 Ave & 47 St,5140,40.7613,-73.9096
482,Broadway & W 185 St,5121,40.8525,-73.9344
1521,Van Sinderen Ave & Truxton St,5114,40.6786,-73.9037
731,E 149 St & Park Ave,5107,40.8182,-73.9253
1085,Kent St & McGuinness Blvd,5105,40.7312,-73.9516
1333,Prospect Park W & 20 St,5082,40.6566,-73.9839
1341,Putnam Ave & Knickerbocker Ave,5068,40.6954,-73.9116
1724,Westchester Ave & Southern Blvd,5054,40.825,-73.8917
1605,W 33 St & 7 Ave,5051,40.7502,-73.9909
1675,Wadsworth Ave & W 175 St,5036,40.8461,-73.9376
1732,Willis Ave & E 141 St,5013,40.8109,-73.9216
1250,Nagle Ave & Thayer St,5003,40.8614,-73.9256
26,11 St & 43 Ave,4966,40.7519,-73.9479
1194,Menahan St & Onderdonk Ave,4950,40.7055,-73.9096
985,Grand Concourse & East Mount Eden Ave,4918,40.843,-73.9117
164,37 St & 24 Ave,4901,40.7701,-73.9121
1476,Stuyvesant Walk & 1 Av Loop,4885,40.7323,-73.979
1362,Riverside Dr & W 148 St,4849,40.8291,-73.9504
1463,Steinway St & Ditmars Blvd,4845,40.7727,-73.9061
583,Church St & Worth St,4841,40.7169,-74.0065
760,E 171 St & 3 Ave,4829,40.8371,-73.9022
879,E Tremont Ave & E 176 St,4802,40.8478,-73.9019
1572,W 171 St & St. Nicholas Ave,4800,40.8429,-73.9386
1041,Hudson St & N Moore St,4797,40.7199,-74.0086
1020,Harman St & Seneca Ave,4761,40.7058,-73.9129
1683,Walton Ave & E 171 St,4705,40.8407,-73.9151
1743,Wilson Ave & Moffat St,4692,40.6891,-73.9051
1310,Pinehurst Ave & W 187 St,4671,40.8553,-73.9379
914,Franklin Ave & E 169 St,4653,40.8317,-73.9021
850,E 81 St & 2 Ave,4643,40.7748,-73.9543
140,34 Ave & 48 St,4613,40.7539,-73.915
1261,Newton Rd & 44 St,4611,40.7596,-73.9143
934,Ft. Hamilton Pkwy & E 5 St,4596,40.649,-73.9767
1169,Madison St & Cypress Ave,4582,40.7007,-73.9074
1196,Menahan St & Wyckoff Ave,4570,40.7011,-73.9142
1420,Southern Blvd & E 149 St,4570,40.8119,-73.9042
1722,Westchester Ave & Jackson Ave,4562,40.8161,-73.9081
1118,Lenox Ave & W 146 St,4554,40.8211,-73.936
992,Green St & McGuinness Blvd,4546,40.734,-73.952
725,E 142 St & 3 Ave,4511,40.8127,-73.9237
913,Fort Washington Ave & W 183 St,4467,40.8523,-73.9379
1221,Morris Ave & E 142 St,4463,40.8145,-73.925
1227,Morris Ave & McClellan St,4461,40.8316,-73.9149
553,Central Ave & Covert St,4460,40.6893,-73.9095
177,4 Ave & 26 St,4448,40.6601,-73.9986
310,7 Ave & 17 St,4439,40.6609,-73.9868
364,Amsterdam Ave & W 131 St,4437,40.8164,-73.9543
1422,Southern Blvd & E 174 St,4435,40.8367,-73.8879
736,E 156 & Brook Ave,4429,40.8198,-73.9124
1423,Southern Blvd & E 175 St,4424,40.8393,-73.8864
1345,Putnam Ave & Wyckoff Ave,4415,40.6981,-73.909
356,Albee Square W & Fulton St,4399,40.6903,-73.9834
544,Caton Ave & E 10 St,4396,40.6485,-73.9706
933,Ft. Hamilton Pkwy & E 2 St,4384,40.648,-73.9793
1723,Westchester Ave & Longwood Ave,4366,40.8197,-73.9013
191,43 Ave & 42 St,4359,40.7453,-73.9219
1021,Harrison Pl & Porter Ave,4341,40.7069,-73.9285
1156,Macombs Pl & W 152 St,4336,40.8264,-73.9379
1274,Onderdonk Ave & Dekalb Ave,4326,40.7086,-73.915
1561,W 155 St & Frederick Douglass Blvd,4296,40.8292,-73.937
62,21 Ave & Shore Blvd,4288,40.784,-73.9169
124,31 Rd & 21 St,4280,40.7668,-73.9305
931,Frost St & Debevoise Ave,4273,40.7188,-73.9395
1396,Shakespeare Ave & W 169 St,4269,40.8393,-73.9224
545,Caton Ave & E 7 St,4258,40.6477,-73.9737
367,Amsterdam Ave & W 156 St,4254,40.8321,-73.9424
66,21 St & 36 Ave,4253,40.7602,-73.9363
1174,Madison St & Seneca Ave,4247,40.7018,-73.9062
187,41 St & 4 Ave,4238,40.6514,-74.0072
162,37 Ave & 35 St,4238,40.7531,-73.928
1137,Liberty St & Broadway,4224,40.7091,-74.0104
483,Broadway & W 192 St,4223,40.858,-73.9322
1485,Suydam St & St. Nicholas Ave,4200,40.7064,-73.9194
207,45 St & 4 Ave,4195,40.6491,-74.0095
1730,Willis Ave & Bruckner Blvd,4190,40.8057,-73.9252
1478,Sullivan Pl & Bedford Ave,4175,40.6642,-73.9575
114,30 St & 4 Ave,4154,40.6577,-74.0011
703,E 118 St & Park Ave,4144,40.8005,-73.942
727,E 147 St & Bergen Ave,4138,40.8147,-73.9184
757,E 170 St & Clay Ave,4137,40.8372,-73.9083
445,Boston Rd & E 167 St,4125,40.8282,-73.9037
1212,Montgomery St & Franklin Ave,4124,40.6664,-73.9606
150,35 St & 23 Ave,4069,40.773,-73.9112
1012,Hamilton Pl & W 138 St,4065,40.8217,-73.9528
480,Broadway & W 165 St,4051,40.8391,-73.9414
1249,Nagle Ave & Ellwood St,4048,40.8601,-73.9285
195,43 St & 37 Ave,4041,40.7502,-73.92
729,E 149 St & Jackson Ave,4006,40.8131,-73.9092
976,Grand Concourse & E 171 St,4003,40.8395,-73.913
501,Brook Ave & E 138 St,3997,40.8074,-73.9192
1682,Walton Ave & E 168 St,3985,40.8365,-73.9183
1390,Seaman Ave & Beak St,3964,40.8675,-73.9264
254,50 St & Northern Blvd,3936,40.7534,-73.9124
898,Fairview Ave & Linden St,3934,40.7069,-73.9063
251,50 St & 30 Ave,3930,40.7601,-73.9071
210,46 St & 28 Ave,3927,40.7633,-73.9088
901,Flatbush Ave & Eastern Pkwy,3924,40.6688,-73.9664
1287,Park Ave & E 162 St,3923,40.8257,-73.9156
1017,Hancock St & Wyckoff Ave,3919,40.6972,-73.9067
1525,Vernon Blvd & 41 Rd,3918,40.7552,-73.9486
232,49 St & 31 Ave,3912,40.7581,-73.9098
739,E 158 St & Melrose Ave,3890,40.8222,-73.9147
1202,Metropolitan Ave & Stewart Ave,3889,40.714,-73.9279
256,51 St & Hobart St,3882,40.7577,-73.9077
368,Amsterdam Ave & W 162 St,3881,40.8362,-73.9398
1391,Seaman Ave & Isham St,3878,40.8699,-73.9208
89,3 Ave & 14 St,3874,40.6685,-73.9933
139,34 Ave & 45 St,3833,40.7548,-73.917
1131,Lexington Ave & E 128 St,3811,40.8064,-73.9361
500,Bronx Shore Comfort Station,3809,40.8005,-73.924
1429,St Ann's Ave & Westchester Ave,3803,40.8159,-73.9119
1351,Richards St & Delavan St,3787,40.6794,-74.0079
1139,Lincoln Ave & E 134 St,3764,40.8085,-73.9288
198,43 St & Skillman Ave,3761,40.7469,-73.9208
738,E 157 St & River Ave,3760,40.8257,-73.9273
1270,Ogden Ave & W 165 St,3756,40.8345,-73.9284
1070,Jerome Ave & E Mosholu Parkway S,3750,40.8794,-73.8853
717,E 138 St & Cypress Ave,3738,40.8056,-73.9147
277,59 St & 4 Ave,3737,40.6413,-74.0177
1074,Jerome Ave & W 193 St,3731,40.8666,-73.8979
260,53 St & 2 Ave,3699,40.6474,-74.0188
617,Concourse Village East & E 158 St,3685,40.8237,-73.9194
678,Dyckman St & Henshaw St,3684,40.8674,-73.9294
446,Boston Rd & Prospect Ave,3681,40.8332,-73.8966
167,38 St & Northern Blvd,3668,40.7524,-73.9254
938,Fulton Ave & St. Paul's Pl,3667,40.8354,-73.9015
1036,Home St & Westchester Ave,3661,40.8276,-73.8867
40,2 Ave & 36 St,3648,40.6571,-74.0087
1439,St Mary's St & Jackson Ave,3647,40.8089,-73.9108
175,39 St & Queens Blvd,3643,40.7443,-73.926
1143,Linden St & Knickerbocker Ave,3634,40.6971,-73.9157
94,3 Ave & E 163 St,3632,40.8239,-73.9087
956,Goble Pl & Macombs Rd,3630,40.8441,-73.9173
746,E 163 St & Union Ave,3626,40.8225,-73.9018
1090,Knickerbocker Ave & Cooper St,3619,40.6908,-73.9045
358,Alexander Ave & E 134 St,3619,40.8075,-73.9271
891,Edgecombe Ave & W 167 St,3609,40.8382,-73.9361
1241,Myrtle Ave & Linden St,3596,40.6994,-73.9134
203,44 St & 6 Ave,3593,40.6471,-74.0045
971,Grand Concourse & E 156 St,3591,40.8234,-73.9247
1448,St. Nicholas Ave & W 155 St,3586,40.8307,-73.9413
1678,Wales Ave & E 147 St,3582,40.8113,-73.9077
213,46 St & 7 Ave,3570,40.6447,-74.0038
64,21 St & 23 Ave,3555,40.7786,-73.919
892,Eldert St & Bushwick Ave,3552,40.6865,-73.9132
622,Convent Ave & W 151 St,3549,40.8283,-73.9429
1195,Menahan St & Seneca Ave,3545,40.7046,-73.9105
143,34 St & 4 Ave,3536,40.6553,-74.0031
211,46 St & 30 Rd,3534,40.7607,-73.911
1733,Willis Ave & E 143 St,3501,40.8123,-73.9204
209,46 St & 25 Ave,3493,40.7658,-73.9068
1066,Jerome Ave & Bedford Park Blvd E,3492,40.8731,-73.8897
313,7 Ave & 40 St,3492,40.6482,-74.0001
1205,Moffat St & Bushwick,3487,40.6846,-73.9092
338,9 Ave & W 39 St,3478,40.7564,-73.9941
554,Central Ave & Decatur St,3477,40.6882,-73.908
484,Broadway & W 220 St,3451,40.8724,-73.9128
728,E 149 St & Eagle Ave,3446,40.814,-73.9119
1039,Hoyt St & Warren St,3444,40.6844,-73.989
1009,Halsey St & Evergreen Ave,3439,40.6886,-73.9123
504,Brook Ave & E 157 St,3428,40.8207,-73.9118
458,Broadway & 51 St,3424,40.7542,-73.9089
595,Clinton St & Centre St,3421,40.6743,-74.0019
532,Carlton Ave & St Marks Ave,3420,40.6791,-73.9718
1402,Sherman Ave & Thayer St,3418,40.8631,-73.927
773,E 20 St & FDR Drive,3417,40.7331,-73.9757
1721,Westchester Ave & E 156 St,3413,40.8178,-73.9052
676,Dwight St & Van Dyke St,3405,40.6736,-74.012
221,48 Ave & 41 St,3404,40.7399,-73.924
508,Bruckner Blvd & Bryant Ave,3394,40.822,-73.8885
765,E 188 St & Creston Ave,3389,40.8617,-73.8986
384,Anthony Ave & E 175 St,3372,40.8465,-73.9039
1239,Myrtle Ave & Grove St,3369,40.699,-73.9152
1579,W 190 St & Broadway,3362,40.8565,-73.933
181,4 Ave & Shore Road Dr,3350,40.637,-74.0221
369,Amsterdam Ave & W 167 St,3335,40.8394,-73.937
357,Albemarle Rd & McDonald Ave,3333,40.6451,-73.9797
477,Broadway & W 153 St,3319,40.8313,-73.9467
1076,Jerome Ave & W Fordham Rd,3314,40.8629,-73.9011
235,5 Ave & 37 St,3307,40.6527,-74.0024
1084,Kent Ave & S 11 St,3306,40.7076,-73.9684
927,Freeman St & Southern Blvd,3304,40.8301,-73.8921
194,43 St & 35 Ave,3298,40.7541,-73.9195
503,Brook Ave & E 148 St,3276,40.8144,-73.9154
81,27 Ave & 3 St,3269,40.7748,-73.9342
135,34 Ave & 13 St,3261,40.7639,-73.9365
97,3 Ave & E 172 St,3244,40.8396,-73.9003
1493,Tinton Ave & E 165 St,3241,40.8248,-73.9024
237,5 Ave & 66 St,3234,40.6357,-74.02
1354,River Ave & E 153 St,3230,40.8244,-73.9282
1275,Onderdonk Ave & Gates Ave,3229,40.7041,-73.9074
370,Amsterdam Ave & W 172 St,3181,40.8422,-73.9351
618,Concourse Village West & E 156 St,3171,40.8232,-73.9233
936,Fulton Ave & E 168 St,3167,40.8305,-73.9046
1182,Margaret Corbin Plz & Ft Washington Ave,3163,40.8592,-73.9339
1725,White St & Johnson Ave,3147,40.7072,-73.9358
424,Bergen Ave & E 152 St,3138,40.8172,-73.9147
1019,Harlem River Dr & W 155 St,3136,40.8305,-73.9399
754,E 169 St & Webster Ave,3136,40.834,-73.9089
640,Dahill Rd & 12 Ave,3135,40.646,-73.981
724,E 141 St & St Ann's Ave,3119,40.8086,-73.9161
663,Ditmars Blvd & 79 St,3118,40.7687,-73.8907
312,7 Ave & 22 St,3116,40.658,-73.9896
1578,W 186 St & St. Nicholas Ave,3113,40.8523,-73.9313
511,Bulova Ave & Brooklyn Queens Expressway W,3112,40.7625,-73.9025
214,46 St & Queens Blvd,3099,40.7435,-73.9186
522,Cabrini Blvd & W 177 St,3058,40.8483,-73.9413
1571,W 170 St & University Ave,3057,40.8421,-73.9261
1400,Sheridan Ave & E 172 St,3046,40.8405,-73.9115
695,E 110 St & Madison Ave,3045,40.7962,-73.9478
586,Clay Ave & Claremont Pkwy,3044,40.84,-73.9055
27,12 Ave & 36 St,3040,40.6435,-73.9864
719,E 138 St & Park Ave,3040,40.8126,-73.9292
1157,Macombs Rd & Featherbed Ln,3030,40.8455,-73.9172
219,48 Ave & 31 St,3022,40.7413,-73.9362
848,E 8 St & Caton Ave,3012,40.6481,-73.9724
998,Greenpoint Ave & 47 St,3007,40.7424,-73.9181
202,44 St & 48 Ave,2999,40.7394,-73.9213
633,Creston Ave & E 178 St,2992,40.8509,-73.9065
371,Amsterdam Ave & W 175 St,2990,40.844,-73.9337
571,Centre St & Seneca Ave,2989,40.6997,-73.9022
733,E 150 St & Gerard Ave,2980,40.8201,-73.9289
752,E 167 St & Franklin Ave,2966,40.829,-73.9052
1444,St. Ann's Av & Bruckner Blvd,2964,40.8034,-73.9198
1414,South St & Broad St,2964,40.7019,-74.0109
447,Botanical Sq & Webster Ave,2959,40.8681,-73.8814
392,Audobon Ave & W 179 St,2953,40.8473,-73.9333
979,Grand Concourse & E 196 St,2941,40.8677,-73.8929
1677,Wakeman Pl & Ridge Blvd,2938,40.6394,-74.0268
67,21 St & 38 Ave,2934,40.7576,-73.9391
1449,St. Nicholas Ave & W 157 St,2934,40.8323,-73.941
610,Columbia St & W 9 St,2920,40.677,-74.0065
1006,Greenwood Ave & E 4 St,2916,40.6507,-73.9777
547,Cauldwell Ave & E 161 St,2909,40.8219,-73.9075
1586,W 204 St & Vermilyea Ave,2907,40.8661,-73.9226
900,Featherbed Ln & Nelson Ave,2906,40.846,-73.9196
1191,Melrose Ave & E 154 St,2902,40.8196,-73.9161
1552,W 140 St & Riverside Dr,2891,40.824,-73.9547
103,3 Ave & Franklin Ave,2886,40.827,-73.9075
16,10 Ave & W 207 St,2880,40.8646,-73.9186
1406,Skillman Ave & 43 Ave,2869,40.7465,-73.9322
1566,W 163 St & Riverside Dr,2859,40.8393,-73.9454
418,Beck St & Leggett Ave,2828,40.8151,-73.8999
1257,Nelson Ave & 167 St,2828,40.8367,-73.9261
1026,Henry St & Bay St,2823,40.6725,-74.0049
225,48 St & 5 Ave,2821,40.6464,-74.0093
464,Broadway & Ellwood St,2784,40.8621,-73.9297
1158,Macombs Rd & W 175 St,2776,40.8482,-73.9161
718,E 138 St & Grand Concourse,2774,40.8132,-73.9306
1355,River Ave & McClellan St,2772,40.8341,-73.9224
1147,Longwood Ave & Southern Blvd,2771,40.8163,-73.8964
271,57 St & 4 Ave,2767,40.6426,-74.0169
1075,Jerome Ave & W 195 St,2765,40.8687,-73.8966
751,E 167 St & Clay Ave,2764,40.8309,-73.9112
1328,Prospect Ave & Vanderbilt St,2764,40.6534,-73.9763
110,30 Ave & 12 St,2755,40.7718,-73.9316
1445,St. Ann's Ave & E 144 St,2748,40.8111,-73.9149
188,42 Pl & Northern Blvd,2743,40.7531,-73.9206
502,Brook Ave & E 141 St,2740,40.8096,-73.9179
515,Bushwick Ave & Furman Ave,2716,40.6828,-73.9062
73,23 Rd & 31 St,2712,40.7734,-73.9138
1323,Prospect Ave & E 151 St,2697,40.8142,-73.9039
1491,Tiebout Ave & E 184 St,2688,40.8585,-73.8964
414,Bay St & Court St,2684,40.6714,-74.0013
1508,University Ave & Macombs Rd,2684,40.8496,-73.9161
919,Frederick Douglass Blvd & Harlem River Dr,2670,40.8307,-73.9364
1728,Wilkins Ave & Crotona Park E,2670,40.8353,-73.8951
374,Amsterdam Ave & W 186 St,2669,40.8511,-73.9288
641,Davidson Ave & W Burnside Ave,2668,40.8536,-73.9087
276,58 St & Pier 4,2667,40.6465,-74.0261
747,E 165 St & Clay Ave,2661,40.8281,-73.9129
1681,Walton Ave & E 153 St,2656,40.8224,-73.9269
1690,Washington Ave & E 167 St,2651,40.8299,-73.9076
266,55 St & 7 Ave,2643,40.6397,-74.009
394,Audubon Ave & W 192 St,2643,40.8559,-73.9271
1748,Wolcott St & Dwight St,2639,40.6753,-74.0101
1325,Prospect Ave & Greenwood Ave,2638,40.6517,-73.976
1222,Morris Ave & E 153 St,2626,40.82,-73.9214
443,Boone Ave & E 172 St,2620,40.8326,-73.8853
714,E 135 St & St Ann's Ave,2617,40.8051,-73.9189
255,51 St & 43 Ave,2612,40.7445,-73.9141
98,3 Ave & E 174 St,2606,40.8422,-73.8985
764,E 182 St & Morris Ave,2601,40.8567,-73.9027
1581,W 192 St & University Ave,2578,40.8669,-73.9019
1670,W Fordham Rd & Loring Pl N,2568,40.863,-73.9074
1671,W Mosholu Pkwy S & Sedgwick Ave,2563,40.8823,-73.887
149,35 St & 21 Ave,2544,40.7767,-73.9066
229,48 St & Skillman Ave,2542,40.7462,-73.9162
1093,Knickerbocker Ave & Hancock St,2533,40.6938,-73.9097
37,19 St & 8 Ave,2532,40.6585,-73.9855
192,43 Ave & 47 St,2517,40.7448,-73.9173
952,Gerard Ave & E 146 St,2516,40.8178,-73.9296
1684,Walton Ave & E 183 St,2515,40.8585,-73.9027
120,31 Ave & 61 St,2512,40.7575,-73.9016
937,Fulton Ave & E 172 St,2511,40.8392,-73.899
734,E 153 St & E 157 St,2500,40.8267,-73.9293
1226,Morris Ave & E Burnside Ave,2498,40.8532,-73.9055
1269,Ogden Ave & W 164 St,2488,40.8328,-73.9294
737,E 156 St & Courtlandt Ave,2467,40.8212,-73.9173
381,Anderson Ave & W 164 St,2459,40.8321,-73.9274
193,43 St & 23 Ave,2454,40.7697,-73.906
980,Grand Concourse & E 197 St,2445,40.8694,-73.8915
1513,Valentine Ave & E 181 St,2443,40.8541,-73.8993
1674,W Tremont Ave & Montgomery Ave,2419,40.8518,-73.9164
1358,Riverside Dr & Broadway,2413,40.8654,-73.9279
580,Church Ave & McDonald Ave,2394,40.6428,-73.9792
1031,Henry St & W 9 St,2379,40.6764,-74.0032
1071,Jerome Ave & Ogden Ave,2379,40.8298,-73.931
196,43 St & 50 Ave,2378,40.7379,-73.9226
978,Grand Concourse & E 192 St,2375,40.8645,-73.8952
373,Amsterdam Ave & W 183 St,2370,40.8492,-73.9302
1051,Intervale Ave & Westchester Ave,2369,40.822,-73.8968
212,46 St & 6 Ave,2369,40.6459,-74.0057
1024,Hazen St & 20 Ave,2367,40.7721,-73.8952
1742,Willow Ave & E 133 St,2365,40.8009,-73.9139
57,20 Ave & 42 St,2364,40.7754,-73.9001
190,43 Ave & 40 St,2359,40.7456,-73.9241
88,29 St & 5 Ave,2353,40.657,-73.9982
1324,Prospect Ave & E 167 St,2352,40.8263,-73.8988
762,E 174 St & Longfellow Ave,2339,40.8363,-73.8843
1311,Pioneer St & Richards St,2337,40.6778,-74.0095
634,Creston Ave & E 181 St,2336,40.8549,-73.9028
935,Ft. Washington Ave & W 190 St,2328,40.8569,-73.9357
1271,Old Broadway & W 133 St,2323,40.8182,-73.9553
636,Crotona Park North & Prospect Ave,2322,40.8411,-73.8923
174,39 St & 50 Ave,2312,40.7382,-73.9274
761,E 171 St & Webster Ave,2307,40.8384,-73.9058
465,Broadway & Furman Ave,2302,40.6814,-73.9076
1573,W 176 St & Montgomery Ave,2300,40.8496,-73.9192
890,Edgecombe Ave & W 150 St,2291,40.8269,-73.9414
784,E 3 St & Church Ave,2277,40.6438,-73.9774
119,31 Ave & 57 St,2276,40.7574,-73.9047
372,Amsterdam Ave & W 180 St,2261,40.8474,-73.9312
546,Cauldwell Ave & E 158 St,2258,40.8199,-73.9084
587,Clay Ave & E 173 St,2258,40.8433,-73.9049
581,Church Ave & Story St,2255,40.642,-73.9811
1067,Jerome Ave & E 164 St,2252,40.8314,-73.9262
1203,Metropolitan Ave & Vandervoort Ave,2250,40.7143,-73.9332
604,College Ave & E 170 St,2249,40.8376,-73.9105
53,20 Ave & 21 St,2232,40.784,-73.9123
1669,W Burnside Ave & University Ave,2224,40.8537,-73.9125
1327,Prospect Ave & Longwood Ave,2219,40.819,-73.902
1102,Lafayette Ave & Hunts Point Ave,2217,40.8166,-73.8882
1510,University Ave & W Burnside Ave,2202,40.855,-73.9108
307,67 St & Erik Pl,2197,40.6334,-74.0166
958,Goulden Ave & W 197 St,2190,40.8716,-73.8971
58,20 Ave & 48 St,2182,40.7729,-73.8968
1585,W 204 St & Nagle Ave,2173,40.8632,-73.9208
1183,Marion Ave & Mosholu Pkwy,2168,40.8705,-73.8819
1319,Popham Ave & W 174 St,2160,40.8477,-73.9221
262,53 St & 5 Ave,2159,40.6434,-74.0119
161,36 St & Queens Blvd,2142,40.744,-73.9291
1418,Southern Blvd & Avenue St. John,2120,40.8128,-73.9016
184,40 St & Queens Blvd,2119,40.7435,-73.9244
1035,Hoe Ave & Jennings St,2069,40.8322,-73.8897
217,47 Ave & Skillman Ave,2066,40.7438,-73.9418
1232,Mount Eden Pkwy & Eastburn Ave,2063,40.8427,-73.9085
977,Grand Concourse & E 175 St,2059,40.8462,-73.9092
253,50 St & Barnett Ave,2058,40.7501,-73.9135
1709,Webster Ave & Ford St,2044,40.8556,-73.8962
1565,W 163 St & Edgecombe Ave,2031,40.8358,-73.9375
638,Cypress Ave & George St,2028,40.6981,-73.9027
1708,Webster Ave & E 166 St,2018,40.829,-73.9113
959,Goulden Ave & W 205 St,2011,40.8781,-73.8919
1590,W 218 St & Broadway,2000,40.8714,-73.9143
726,E 144 St & Brook Ave,1981,40.8117,-73.917
292,61 St & 39 Ave,1979,40.7471,-73.9028
90,3 Ave & 17 St,1959,40.6662,-73.9955
880,E Tremont Ave & Jerome Ave,1956,40.8517,-73.909
720,E 138 St & Willow Ave,1946,40.8042,-73.9115
968,Grand Ave & W 181 St,1942,40.8563,-73.9073
1298,Paul Ave & W 205 St,1941,40.877,-73.8894
54,20 Ave & 31 St,1935,40.78,-73.9067
1500,Union Ave & E 169 St,1927,40.8299,-73.8988
1562,W 159 St & Edgecombe Ave,1922,40.8333,-73.9393
323,76 St & 21 Ave,1919,40.7703,-73.8937
1710,Weeks Ave & E 175 St,1918,40.8469,-73.9073
475,Broadway & W 138 St,1916,40.8218,-73.9535
1150,Louis Nine Blvd & Intervale Ave,1911,40.832,-73.8927
954,Gerard Ave & E 165 St,1909,40.8317,-73.9224
105,3 Ave & Wakeman Pl,1893,40.6382,-74.0247
763,E 174 St & Walton Ave,1889,40.8448,-73.912
1186,McDonald Ave & Vanderbilt St,1886,40.6517,-73.9812
252,50 St & 7 Ave,1872,40.6425,-74.0061
59,20 Ave & Shore Blvd,1865,40.786,-73.9151
275,58 St & 32 Ave,1862,40.7557,-73.9034
1124,Lewis Ave & Greene Ave,1855,40.69,-73.9366
145,34 St & 5 Ave,1839,40.6541,-74.0011
750,E 167 St & Bryant Ave,1833,40.8267,-73.8887
1727,Whitehall St & Bridge St,1822,40.7037,-74.0132
173,39 St & 47 Ave,1822,40.7422,-73.9266
1394,Sedgwick Ave & W Tremont Ave,1811,40.8532,-73.9182
639,Cypress Ave & Palmetto St,1810,40.7016,-73.9088
457,Broadway & 49 St,1802,40.7554,-73.9115
407,Bainbridge Ave & E 198 St,1792,40.8685,-73.8885
926,Freeman St & Reverend James A Polite Ave,1782,40.8305,-73.8947
1518,Van Dam St & Greenpoint Ave,1774,40.7344,-73.9379
278,59 St & 5 Ave,1773,40.6401,-74.0157
742,E 160 St & Tinton Ave,1772,40.8203,-73.9039
1507,University Ave & Brandt Pl,1766,40.8484,-73.9184
231,49 St & 25 Ave,1757,40.7645,-73.9046
1146,Longfellow Ave & E 165 St,1755,40.8253,-73.8877
1464,Stephen St & Seneca Ave,1749,40.6988,-73.9007
661,Ditmars Blvd & 73 St,1738,40.7682,-73.8963
677,Dyckman St & 10 Ave,1731,40.8589,-73.9231
406,Bainbridge Ave & E 196 St,1720,40.8665,-73.8904
341,Academy St & Nagle Ave,1713,40.8626,-73.9227
578,Chester Ave & 12 Ave,1709,40.6444,-73.9843
1015,Hancock St & Malcolm X Blvd,1698,40.6849,-73.9292
1514,Valentine Ave & E 183 St,1697,40.857,-73.8982
423,Bedford Park Blvd & Paul Ave,1696,40.8744,-73.8919
1149,Loring Pl North & W 183 St,1695,40.8604,-73.9093
953,Gerard Ave & E 164 St,1693,40.8303,-73.9234
723,E 141 St & Jackson Ave,1692,40.8069,-73.9118
981,Grand Concourse & E 199 St,1687,40.8714,-73.8884
39,2 Ave & 32 St,1684,40.6592,-74.0066
60,21 Ave & 80 St,1678,40.7709,-73.8899
1301,Pearl St & York St,1677,40.7011,-73.9878
1591,W 218 St & Indian Rd,1668,40.8731,-73.9184
282,6 Ave & 60 St,1665,40.6382,-74.0138
268,57 St & 1 Ave,1659,40.6464,-74.0231
635,Crotona Park East & E 173 St,1629,40.837,-73.8904
375,Amsterdam Ave & W 189 St,1628,40.8531,-73.9271
1065,Jerome Ave & Anderson Ave,1626,40.8302,-73.9287
745,E 163 St & Tiffany St,1625,40.8211,-73.8951
969,Grand Ave & W Fordham Rd,1612,40.8629,-73.9032
1050,Intervale Ave & Kelly St,1610,40.8273,-73.8964
878,E Mosholu Pkwy & Van Cortlandt Ave E,1604,40.8766,-73.8837
662,Ditmars Blvd & 76 St,1598,40.7684,-73.8935
226,48 St & 50 Ave,1598,40.7374,-73.918
735,E 155 St & Courtlandt Ave,1573,40.8206,-73.9176
308,67 St & Ridge Blvd,1570,40.6388,-74.0275
1348,Railroad Ave & Kay Ave,1560,40.7051,-73.9708
608,Columbia St & Lorraine St,1546,40.6747,-74.0076
134,33 St & 47 Ave,1536,40.7428,-73.9321
573,Charlotte St & Boston Rd,1526,40.8359,-73.8931
404,Bainbridge Ave & Bedford Park Blvd,1525,40.87,-73.8856
1376,Ryer Ave & E 182 St,1522,40.8558,-73.8996
1072,Jerome Ave & W 177 St,1521,40.8501,-73.9108
1672,W Tremont Ave & Grand Ave,1518,40.85,-73.9128
1225,Morris Ave & E 184 St,1517,40.8601,-73.9008
955,Gerard Ave & McClellan St,1516,40.8339,-73.9211
1673,W Tremont Ave & Matthewson Rd,1516,40.8538,-73.9208
321,72 St & 41 Ave,1497,40.7448,-73.8938
1705,Waterloo Pl & Crotona Park East,1487,40.8392,-73.8886
1326,Prospect Ave & Jennings St,1483,40.8318,-73.8969
1373,Rogers Pl & E 165 St,1482,40.8239,-73.8974
1680,Walnut Ave & E 136 St,1479,40.8017,-73.9095
273,58 St & 2 Ave,1476,40.6445,-74.0215
17,10 Ave & W 215 St,1473,40.8693,-73.9152
1421,Southern Blvd & E 172 St,1462,40.8341,-73.8896
455,Broadway	& W 48 St,1459,40.7602,-73.9849
1068,Jerome Ave & E 181 St,1458,40.8557,-73.9055
1045,Hunts Point Ave & Bryant Ave,1449,40.814,-73.8855
957,Goulden Ave & Bedford Park Blvd W,1441,40.8739,-73.8953
295,61 St & Woodside Ave,1437,40.7452,-73.9037
201,44 St & 3 Ave,1436,40.6512,-74.0114
172,39 St & 2 Ave,1436,40.6554,-74.0106
1509,University Ave & W 168 St,1425,40.8387,-73.927
387,Aqueduct Ave & W 190 St,1424,40.8649,-73.9024
1254,Nassau St & Duffield St,1416,40.6985,-73.9838
220,48 Ave & 37 St,1402,40.7403,-73.9289
983,Grand Concourse & E 205 St,1382,40.8755,-73.8864
204,44 St & Greenpoint Ave,1380,40.7411,-73.921
144,34 St & 48 Ave,1375,40.7408,-73.9315
265,55 St & 5 Ave,1369,40.6424,-74.0133
1458,Steinway St & 19 Ave,1367,40.7781,-73.8996
1707,Webb Ave & W 190 St,1361,40.866,-73.9043
170,39 Ave & 56 St,1361,40.7484,-73.907
1268,Ogden Ave & Merriam Ave,1360,40.8391,-73.926
297,62 St & 4 Ave,1356,40.6399,-74.0198
1178,Malcolm X Blvd & DeKalb Ave,1350,40.6939,-73.9312
168,39 Ave & 45 St,1348,40.7495,-73.9183
748,E 165 St & Fox St,1344,40.8239,-73.894
227,48 St & Barnett Ave,1339,40.75,-73.9154
1016,Hancock St & Stuyvesant Ave,1333,40.6845,-73.9322
405,Bainbridge Ave & E 193 St,1330,40.8639,-73.8925
984,Grand Concourse & E Mosholu Pkwy S,1323,40.878,-73.8848
449,Bradley Ave & Greenpoint Ave,1320,40.7357,-73.9348
1495,Townsend Ave & E 175 St,1318,40.8474,-73.9114
982,Grand Concourse & E 203 St,1309,40.8738,-73.8866
218,47 St & 3 Ave,1306,40.6491,-74.0124
548,Cedar Ave & W Fordham Rd,1299,40.8616,-73.9122
1052,Inwood Ave & W 170 St,1286,40.8405,-73.9192
189,42 St & 1 Ave,1281,40.6548,-74.0144
171,39 Dr & 52 St,1276,40.7473,-73.912
1177,Main St & Plymouth St,1252,40.7036,-73.9905
576,Chauncey St & Stuyvesant Ave,1249,40.6802,-73.9317
1073,Jerome Ave & W 184 St,1243,40.8608,-73.9025
707,E 128 St & 3 Ave,1242,40.8056,-73.9341
649,Decatur Ave & Bedford Park Blvd,1241,40.8681,-73.8841
753,E 169 St & Fox St,1240,40.8272,-73.8937
1224,Morris Ave & E 171 St,1237,40.839,-73.9109
1424,Southern Blvd & Tiffany St,1223,40.8182,-73.8941
1412,Somers St & Broadway,1222,40.6794,-73.9047
1279,Pacific St & Nostrand Ave,1217,40.6776,-73.9496
1337,Prospect Pl & Nostrand Ave,1213,40.6743,-73.9503
74,23 St & 3 Ave,1211,40.6626,-73.9986
943,Fulton St & Pearl St,1204,40.7077,-74.0044
509,Buchanan Pl & Grand Ave,1202,40.8583,-73.9063
216,47 Ave & 48 St,1196,40.7409,-73.9171
1343,Putnam Ave & Ralph Ave,1192,40.687,-73.9234
1346,Queens Blvd & 56 St,1184,40.7419,-73.9091
1172,Madison St & Malcolm X Blvd,1177,40.6871,-73.9301
259,52 St & 6 Ave,1172,40.6427,-74.0094
383,Andrews Ave S & W 179 St,1164,40.8552,-73.9128
281,6 Ave & 55 St,1158,40.6408,-74.011
1297,Paul Ave & Mosholu Pkwy,1155,40.8803,-73.8861
1474,Stuyvesant Ave & Gates Ave,1150,40.6885,-73.9332
775,E 201 St & Briggs Ave,1116,40.8721,-73.8846
263,53 St & Roosevelt Ave,1115,40.7446,-73.9114
444,Borden Ave & Review Ave,1110,40.7387,-73.9409
1691,Washington Ave & E 174 St,1110,40.8431,-73.9002
716,E 138 St & Canal St W,1107,40.8123,-73.9292
115,30 St & 48 Ave,1100,40.7413,-73.938
1419,Southern Blvd & E 142 St,1098,40.8073,-73.9081
386,Aqueduct Ave & North St,1089,40.8605,-73.9057
660,Ditmars Blvd & 48 St,1088,40.7692,-73.901
38,2 Av & 37 St,1083,40.6563,-74.0096
642,Dawson St & Intervale Ave,1080,40.82,-73.8973
160,36 St & Hunters Point Ave,1079,40.7378,-73.9302
158,36 St & 47 Ave,1075,40.7422,-73.9294
899,Featherbed Ln & Jerome Ave,1053,40.8455,-73.9143
15,10 Ave & W 204 St,1051,40.8626,-73.9201
1407,Skillman Ave & 54 St,1034,40.7455,-73.9099
1752,Woodside Ave & Roosevelt Ave,1026,40.7455,-73.906
1094,Knickerbocker Ave & Moffat St,1022,40.6904,-73.9037
1393,Sedgwick Ave & W Burnside Ave,1005,40.8549,-73.9167
1208,Monroe St & Marcus Garvey Blvd,1002,40.6867,-73.939
200,44 St & 2 Ave,997,40.6525,-74.0136
258,52 St & 1 Ave,990,40.6493,-74.0201
223,48 St & 2 Ave,974,40.6502,-74.0156
950,Garrison Ave & Manida St,959,40.8187,-73.8902
712,E 133 St & Cypress Pl,956,40.8026,-73.9174
877,E Mosholu Pkwy & E 204 St,952,40.8741,-73.8834
1209,Monroe St & Patchen Ave,942,40.6882,-73.9269
1408,Skillman Ave & Honeywell St,925,40.7471,-73.929
272,57 St & 43 Ave,924,40.7432,-73.908
1606,W 34 St &	Hudson Blvd E,920,40.7552,-74.0006
1750,Woodside Ave & 60 St,901,40.7452,-73.9048
402,Bailey Ave & Sedgwick Ave,898,40.8657,-73.9086
382,Andrew Ave N & Hall of Fame Tce,896,40.8583,-73.9101
1588,W 211 St & 10 Ave,896,40.8671,-73.9174
403,Bailey Ave & W 193 St,877,40.8707,-73.9068
14,10 Ave & W 202 St,861,40.8613,-73.9214
1580,W 190 St & St. Nicholas Ave,842,40.8548,-73.9295
304,65 St & 35 Ave,839,40.7505,-73.8977
267,55 St & Northern Blvd,836,40.7532,-73.9058
1395,Seneca Ave & Irvine St,809,40.8187,-73.8886
749,E 165 St & Jerome Ave,800,40.8326,-73.9251
1618,W 38 St & 9 Ave,799,40.7556,-73.9937
300,63 St & 5 Ave,794,40.6377,-74.0178
1260,New York Ave & St Marks Ave,792,40.6751,-73.9472
186,41 St & 3 Ave,789,40.6525,-74.0089
575,Chauncey St & Malcolm X Blvd,746,40.6804,-73.9284
1467,Sterling Pl & New York Ave,745,40.6723,-73.9476
498,Broadway and Berry St,738,40.7104,-73.9653
315,7 Ave & 62 St,724,40.6356,-74.013
1069,Jerome Ave & E 198 St,721,40.8714,-73.8929
257,51 St & Queens Blvd,710,40.7429,-73.914
296,62 St & 34 Ave,702,40.7519,-73.8999
574,Chauncey St & Howard Ave,689,40.6815,-73.9196
450,Brevoort Pl & Bedford Ave,686,40.6801,-73.9534
506,Brooklyn Ave & Prospect Pl,684,40.6741,-73.9445
897,Faile St & Garrison Ave,683,40.8206,-73.8883
393,Audubon Ave & Fort George Ave,679,40.8572,-73.9272
294,61 St & Queens Blvd,656,40.7409,-73.9027
883,Eastern Pkwy & Kingston Ave,645,40.6696,-73.9424
1010,Halsey St & Ralph Ave,640,40.6849,-73.923
123,31 Pl & Hunters Point Ave,631,40.7402,-73.9354
650,Decatur Ave & E 197 St,628,40.8656,-73.8881
713,E 134 St & Walnut Ave,603,40.8004,-73.911
413,Barry St & Tiffany St,601,40.8161,-73.8916
322,72 St & Woodside Ave,599,40.7429,-73.8928
1523,Vernon Blvd & 30 Rd,578,40.7708,-73.9342
1152,MacDonough St & Marcy Ave,575,40.6808,-73.9461
1481,Sumpter St & Fulton St,565,40.6792,-73.9259
651,Decatur Ave & Oliver Pl,562,40.867,-73.8858
99,3 Ave & E 174 St - Bathgate Vaccination Site,555,40.8422,-73.8985
274,58 St & 2 Ave - Brooklyn Army Terminal Vaccination Site,551,40.6445,-74.0215
1296,Patchen Ave & Bainbridge St,531,40.6814,-73.9257
1717,West Farms Rd & Boone Ave,519,40.83,-73.8863
169,39 Ave & 54 St,516,40.7489,-73.909
1033,Herkimer St & New York Ave,508,40.6796,-73.9471
1089,Kingston Ave & Park Pl,505,40.6732,-73.942
691,E 109 St & 3 Ave,468,40.7933,-73.9432
291,60 St & 37 Ave,466,40.7496,-73.9026
428,Bergen St & Kingston Ave,461,40.6756,-73.9415
1749,Woodside Ave & 55 St,455,40.7468,-73.9089
309,69 St & 43 Ave,452,40.7418,-73.8956
306,65 St & Roosevelt Ave,450,40.7459,-73.8992
302,65 Pl & Woodside Ave,448,40.7433,-73.899
41,2 Ave & 39 St,448,40.6558,-74.0099
1487,Thomas S. Boyland St & Macon St,447,40.6848,-73.9149
303,65 St & 2 Ave,437,40.6405,-74.0256
1104,Lafayette Ave & Stuyvesant Ave,430,40.692,-73.9326
298,62 St & 43 Ave,426,40.7426,-73.9029
1475,Stuyvesant Ave & Hart St,419,40.6946,-73.9343
1392,Sedgwick Ave & Hall of Fame Tce,413,40.8595,-73.9133
264,54 St & 37 Ave,412,40.751,-73.908
163,37 Ave & 63 St,406,40.7489,-73.8998
301,64 St & 3 Ave,398,40.64,-74.0232
305,65 St & Broadway,396,40.7494,-73.8974
1446,St. Johns Pl & Kingston Ave,386,40.6712,-73.9424
886,Eastern Pkwy & Troy Ave,379,40.6693,-73.9369
1589,W 212 St & 10 Ave,379,40.8677,-73.9168
293,61 St & Laurel Hill Blvd,377,40.7388,-73.9034
185,41 Ave & 67 St,364,40.7445,-73.8976
1528,Vernon Blvd & Queens Plaza S,363,40.7541,-73.9494
269,57 St & 1 Ave - Brooklyn Army Terminal Vaccination Site,360,40.6464,-74.0231
1486,Thomas S. Boyland St & Fulton St,356,40.6785,-73.9137
335,9 Ave & W 206 St,348,40.8631,-73.9176
907,Forsyth St	& Grand St,340,40.7178,-73.9932
1151,MacDonough St & Malcolm X Blvd,325,40.6827,-73.9293
1520,Van Sinderen Ave & Atlantic Ave,307,40.6763,-73.9036
1488,Thomas S. Boyland St & Marion St,304,40.6815,-73.9142
1160,Macon St & Lewis Ave,304,40.6828,-73.9349
1349,Ralph Ave & Fulton St,302,40.6792,-73.9219
1413,Somers St & Rockaway Ave,293,40.6787,-73.9111
336,9 Ave & W 219 St,279,40.8711,-73.9115
858,E 85 St & East End Ave,266,40.7743,-73.9455
55,20 Ave & 33 St,262,40.7794,-73.9057
627,Courtlandt Ave & E 157 St,259,40.8223,-73.9168
1757,Wyckoff St & 3 Ave,250,40.6827,-73.9827
944,Fulton St & Saratoga Ave,246,40.6785,-73.9164
1751,Woodside Ave & 69 St,242,40.7428,-73.8958
270,57 St & 37 Ave,241,40.7505,-73.9051
1432,St Johns Pl & Utica Ave,233,40.6705,-73.9305
1384,Schenectady Ave & Prospect Pl,226,40.6735,-73.9336
652,Decatur St & Saratoga Ave,222,40.6834,-73.9171
1154,MacDougal St & Rockaway Ave,222,40.6802,-73.9114
354,Albany Ave & Park Pl,208,40.673,-73.939
1080,Keegan Rd & 2 Ave,199,40.6424,-74.0255
1218,Morgan WH station,198,40.7033,-73.9318
1283,Pacific St & Troy Ave,194,40.6769,-73.9361
1162,Macon St & Patchen Ave,191,40.6837,-73.9261
334,9 Ave & W 204 St,188,40.8617,-73.9186
885,Eastern Pkwy & Rochester Ave,183,40.6685,-73.928
1159,Macon St & Howard Ave,165,40.6846,-73.9201
1217,Morgan Loading Docks,160,40.7093,-73.9312
505,Brooklyn Ave & Dean St,135,40.6768,-73.9443
1497,Troy Ave & Sterling Pl,132,40.672,-73.9365
1295,Park Pl & Utica Ave,131,40.6724,-73.931
431,Bergen St & Troy Ave,129,40.6752,-73.9356
454,Broad St & Water St,127,40.7029,-74.0115
1284,Pacific St & Utica Ave,118,40.6767,-73.9305
1253,Nassau St	& Duffield St,116,40.6985,-73.9838
1234,Murray St	& West St,111,40.715,-74.0125
884,Eastern Pkwy & Ralph Ave,107,40.6686,-73.9229
1470,Sterling Pl & Schenectady Ave,96,40.6716,-73.9338
1435,St Marks Ave & Rochester Ave,91,40.674,-73.9277
426,Bergen St & Buffalo Ave,83,40.6747,-73.9252
438,Boerum Pl	& Pacific St,80,40.6885,-73.9912
1336,Prospect Pl & Howard Ave,71,40.6726,-73.9198
1099,Lab - NYC,67,40.7537,-73.9965
1405,Skillman Ave & 32 Pl,53,40.7465,-73.9322
1469,Sterling Pl & Rochester Ave,52,40.6713,-73.9282
1291,Park Pl & Buffalo Ave,52,40.672,-73.9254
1519,Van Dam St & Review Ave,52,40.7344,-73.9379
1280,Pacific St & Ralph Ave,49,40.6761,-73.9217
376,Amsterdam Ave & W 189 St new,47,40.8532,-73.9272
429,Bergen St & Saratoga Ave,43,40.6742,-73.9166
1281,Pacific St & Rochester Ave,41,40.6763,-73.9275
1434,St Marks Ave & Ralph Ave,41,40.6737,-73.9219
1294,Park Pl & Thomas S. Boyland St,40,40.6715,-73.9143
614,Columbus Pl & Atlantic Ave,38,40.6772,-73.9228
1032,Herkimer St & Eastern Pkwy,36,40.6774,-73.9083
1468,Sterling Pl & Ralph Ave,35,40.671,-73.9222
42,2 Ave & 43 St,32,40.6529,-74.0129
1282,Pacific St & Thomas S. Boyland St,29,40.6757,-73.914
43,2 Ave & 44 St,28,40.6523,-74.0134
510,Buffalo Ave & St Johns Pl,27,40.6702,-73.9254
1496,Troy Ave & Park Pl,23,40.6723,-73.9365
1216,Morgan Bike Mechanics,21,40.7096,-73.9315
582,Church St & Thomas St,18,40.7169,-74.0065
1142,Lincoln Pl & Nostrand Ave,17,40.6708,-73.9507
603,College Ave & E 169 St,16,40.8351,-73.912
905,Folin St & E 181 St,15,40.8539,-73.8984
1623,W 40 St & 8 Ave,8,40.7548,-73.9882
1136,Lexington Ave & Stuyvesant Ave,8,40.6897,-73.9336
830,E 6 St 2 Ave,6,40.7274,-73.9884
1398,Sharon St & Olive St_new,3,40.7153,-73.9387
1388,Schermerhorn St and Court St,2,40.691,-73.9918
